Method,N,Time
CIM,1,2
Force,1,0
CIM,2,0
Force,2,1
CIM,3,0
Force,3,0
CIM,4,0
Force,4,0
CIM,5,0
Force,5,0
CIM,6,0
Force,6,0
CIM,7,1
Force,7,0
CIM,8,0
Force,8,0
CIM,9,0
Force,9,1
CIM,10,0
Force,10,1
CIM,11,0
Force,11,1
CIM,12,0
Force,12,1
CIM,13,0
Force,13,0
CIM,14,0
Force,14,0
CIM,15,0
Force,15,1
CIM,16,1
Force,16,1
CIM,17,0
Force,17,0
CIM,18,1
Force,18,0
CIM,19,1
Force,19,0
CIM,20,0
Force,20,0
CIM,21,0
Force,21,1
CIM,22,1
Force,22,0
CIM,23,0
Force,23,1
CIM,24,0
Force,24,1
CIM,25,1
Force,25,1
CIM,26,0
Force,26,1
CIM,27,0
Force,27,1
CIM,28,0
Force,28,2
CIM,29,0
Force,29,1
CIM,30,0
Force,30,1
CIM,31,0
Force,31,1
CIM,32,0
Force,32,2
CIM,33,1
Force,33,1
CIM,34,0
Force,34,2
CIM,35,0
Force,35,2
CIM,36,0
Force,36,1
CIM,37,0
Force,37,2
CIM,38,1
Force,38,2
CIM,39,1
Force,39,2
CIM,40,1
Force,40,2
CIM,41,1
Force,41,3
CIM,42,0
Force,42,3
CIM,43,1
Force,43,3
CIM,44,0
Force,44,3
CIM,45,1
Force,45,3
CIM,46,0
Force,46,2
CIM,47,0
Force,47,3
CIM,48,1
Force,48,3
CIM,49,0
Force,49,2
CIM,50,0
Force,50,3
CIM,51,0
Force,51,3
CIM,52,0
Force,52,4
CIM,53,0
Force,53,3
CIM,54,1
Force,54,3
CIM,55,0
Force,55,4
CIM,56,1
Force,56,3
CIM,57,0
Force,57,4
CIM,58,1
Force,58,2
CIM,59,0
Force,59,2
CIM,60,0
Force,60,2
CIM,61,0
Force,61,2
CIM,62,1
Force,62,1
CIM,63,1
Force,63,2
CIM,64,0
Force,64,1
CIM,65,0
Force,65,1
CIM,66,0
Force,66,2
CIM,67,0
Force,67,1
CIM,68,0
Force,68,1
CIM,69,0
Force,69,2
CIM,70,0
Force,70,2
CIM,71,1
Force,71,2
CIM,72,1
Force,72,2
CIM,73,1
Force,73,2
CIM,74,1
Force,74,2
CIM,75,0
Force,75,3
CIM,76,1
Force,76,2
CIM,77,1
Force,77,2
CIM,78,1
Force,78,2
CIM,79,1
Force,79,3
CIM,80,1
Force,80,2
CIM,81,0
Force,81,2
CIM,82,1
Force,82,3
CIM,83,1
Force,83,2
CIM,84,0
Force,84,2
CIM,85,1
Force,85,1
CIM,86,0
Force,86,2
CIM,87,1
Force,87,1
CIM,88,0
Force,88,2
CIM,89,1
Force,89,2
CIM,90,0
Force,90,2
CIM,91,1
Force,91,2
CIM,92,1
Force,92,2
CIM,93,0
Force,93,2
CIM,94,0
Force,94,3
CIM,95,1
Force,95,2
CIM,96,0
Force,96,2
CIM,97,0
Force,97,2
CIM,98,0
Force,98,2
CIM,99,0
Force,99,3
CIM,100,0
Force,100,3
CIM,101,1
Force,101,3
CIM,102,0
Force,102,3
CIM,103,0
Force,103,2
CIM,104,1
Force,104,2
CIM,105,1
Force,105,2
CIM,106,0
Force,106,3
CIM,107,0
Force,107,3
CIM,108,0
Force,108,3
CIM,109,0
Force,109,3
CIM,110,0
Force,110,3
CIM,111,0
Force,111,4
CIM,112,0
Force,112,3
CIM,113,0
Force,113,5
CIM,114,1
Force,114,3
CIM,115,0
Force,115,5
CIM,116,1
Force,116,3
CIM,117,0
Force,117,3
CIM,118,1
Force,118,3
CIM,119,1
Force,119,3
CIM,120,1
Force,120,3
CIM,121,0
Force,121,4
CIM,122,0
Force,122,4
CIM,123,0
Force,123,3
CIM,124,0
Force,124,3
CIM,125,0
Force,125,4
CIM,126,1
Force,126,6
CIM,127,0
Force,127,4
CIM,128,0
Force,128,5
CIM,129,1
Force,129,4
CIM,130,0
Force,130,4
CIM,131,1
Force,131,5
CIM,132,1
Force,132,4
CIM,133,0
Force,133,4
CIM,134,0
Force,134,4
CIM,135,1
Force,135,3
CIM,136,0
Force,136,4
CIM,137,1
Force,137,4
CIM,138,1
Force,138,4
CIM,139,0
Force,139,6
CIM,140,1
Force,140,4
CIM,141,1
Force,141,5
CIM,142,0
Force,142,5
CIM,143,0
Force,143,5
CIM,144,1
Force,144,5
CIM,145,0
Force,145,5
CIM,146,1
Force,146,5
CIM,147,0
Force,147,5
CIM,148,0
Force,148,5
CIM,149,1
Force,149,7
CIM,150,1
Force,150,8
CIM,151,1
Force,151,8
CIM,152,1
Force,152,8
CIM,153,1
Force,153,7
CIM,154,0
Force,154,6
CIM,155,1
Force,155,6
CIM,156,0
Force,156,6
CIM,157,1
Force,157,5
CIM,158,1
Force,158,4
CIM,159,1
Force,159,4
CIM,160,1
Force,160,4
CIM,161,1
Force,161,4
CIM,162,1
Force,162,4
CIM,163,1
Force,163,4
CIM,164,1
Force,164,4
CIM,165,0
Force,165,4
CIM,166,0
Force,166,5
CIM,167,0
Force,167,6
CIM,168,0
Force,168,5
CIM,169,1
Force,169,7
CIM,170,1
Force,170,7
CIM,171,1
Force,171,7
CIM,172,1
Force,172,7
CIM,173,1
Force,173,7
CIM,174,1
Force,174,7
CIM,175,2
Force,175,6
CIM,176,1
Force,176,7
CIM,177,1
Force,177,7
CIM,178,1
Force,178,6
CIM,179,1
Force,179,7
CIM,180,1
Force,180,7
CIM,181,1
Force,181,7
CIM,182,2
Force,182,7
CIM,183,1
Force,183,6
CIM,184,1
Force,184,8
CIM,185,2
Force,185,7
CIM,186,1
Force,186,8
CIM,187,1
Force,187,7
CIM,188,1
Force,188,8
CIM,189,1
Force,189,7
CIM,190,1
Force,190,8
CIM,191,1
Force,191,8
CIM,192,1
Force,192,31
CIM,193,2
Force,193,9
CIM,194,1
Force,194,8
CIM,195,1
Force,195,9
CIM,196,1
Force,196,8
CIM,197,2
Force,197,9
CIM,198,1
Force,198,9
CIM,199,2
Force,199,9
CIM,200,2
Force,200,4
CIM,201,1
Force,201,4
CIM,202,1
Force,202,5
CIM,203,1
Force,203,4
CIM,204,1
Force,204,5
CIM,205,1
Force,205,4
CIM,206,1
Force,206,3
CIM,207,0
Force,207,4
CIM,208,1
Force,208,4
CIM,209,1
Force,209,4
CIM,210,1
Force,210,3
CIM,211,0
Force,211,5
CIM,212,1
Force,212,3
CIM,213,0
Force,213,4
CIM,214,1
Force,214,4
CIM,215,0
Force,215,4
CIM,216,1
Force,216,4
CIM,217,1
Force,217,4
CIM,218,1
Force,218,4
CIM,219,1
Force,219,4
CIM,220,0
Force,220,4
CIM,221,1
Force,221,4
CIM,222,1
Force,222,4
CIM,223,1
Force,223,5
CIM,224,1
Force,224,5
CIM,225,0
Force,225,4
CIM,226,1
Force,226,4
CIM,227,1
Force,227,5
CIM,228,1
Force,228,5
CIM,229,1
Force,229,4
CIM,230,1
Force,230,4
CIM,231,2
Force,231,6
CIM,232,1
Force,232,5
CIM,233,1
Force,233,5
CIM,234,1
Force,234,5
CIM,235,2
Force,235,6
CIM,236,1
Force,236,7
CIM,237,1
Force,237,7
CIM,238,1
Force,238,7
CIM,239,2
Force,239,7
CIM,240,2
Force,240,4
CIM,241,1
Force,241,7
CIM,242,2
Force,242,7
CIM,243,1
Force,243,6
CIM,244,1
Force,244,6
CIM,245,1
Force,245,6
CIM,246,1
Force,246,6
CIM,247,1
Force,247,6
CIM,248,1
Force,248,6
CIM,249,1
Force,249,6
CIM,250,1
Force,250,6
CIM,251,2
Force,251,6
CIM,252,2
Force,252,8
CIM,253,2
Force,253,8
CIM,254,1
Force,254,8
CIM,255,2
Force,255,8
CIM,256,2
Force,256,9
CIM,257,3
Force,257,9
CIM,258,2
Force,258,10
CIM,259,2
Force,259,7
CIM,260,3
Force,260,6
CIM,261,1
Force,261,7
CIM,262,2
Force,262,8
CIM,263,1
Force,263,9
CIM,264,1
Force,264,7
CIM,265,2
Force,265,7
CIM,266,2
Force,266,6
CIM,267,1
Force,267,6
CIM,268,2
Force,268,6
CIM,269,2
Force,269,6
CIM,270,2
Force,270,6
CIM,271,1
Force,271,6
CIM,272,1
Force,272,6
CIM,273,1
Force,273,6
CIM,274,1
Force,274,6
CIM,275,1
Force,275,6
CIM,276,1
Force,276,6
CIM,277,1
Force,277,6
CIM,278,2
Force,278,7
CIM,279,1
Force,279,7
CIM,280,2
Force,280,7
CIM,281,2
Force,281,8
CIM,282,3
Force,282,7
CIM,283,2
Force,283,7
CIM,284,2
Force,284,10
CIM,285,2
Force,285,9
CIM,286,2
Force,286,11
CIM,287,2
Force,287,10
CIM,288,4
Force,288,8
CIM,289,1
Force,289,8
CIM,290,2
Force,290,8
CIM,291,2
Force,291,9
CIM,292,4
Force,292,10
CIM,293,3
Force,293,10
CIM,294,4
Force,294,10
CIM,295,2
Force,295,11
CIM,296,3
Force,296,10
CIM,297,2
Force,297,9
CIM,298,2
Force,298,10
CIM,299,3
Force,299,8
CIM,300,2
Force,300,9
CIM,301,2
Force,301,12
CIM,302,4
Force,302,12
CIM,303,3
Force,303,10
CIM,304,3
Force,304,9
CIM,305,2
Force,305,8
CIM,306,2
Force,306,9
CIM,307,1
Force,307,9
CIM,308,4
Force,308,12
CIM,309,3
Force,309,12
CIM,310,4
Force,310,12
CIM,311,3
Force,311,12
CIM,312,3
Force,312,23
CIM,313,2
Force,313,12
CIM,314,3
Force,314,12
CIM,315,2
Force,315,12
CIM,316,3
Force,316,12
CIM,317,2
Force,317,13
CIM,318,4
Force,318,12
CIM,319,2
Force,319,12
CIM,320,3
Force,320,13
CIM,321,2
Force,321,13
CIM,322,4
Force,322,11
CIM,323,2
Force,323,13
CIM,324,2
Force,324,11
CIM,325,2
Force,325,11
CIM,326,1
Force,326,8
CIM,327,1
Force,327,8
CIM,328,1
Force,328,8
CIM,329,1
Force,329,9
CIM,330,1
Force,330,9
CIM,331,1
Force,331,9
CIM,332,2
Force,332,9
CIM,333,1
Force,333,8
CIM,334,1
Force,334,8
CIM,335,1
Force,335,9
CIM,336,1
Force,336,9
CIM,337,1
Force,337,9
CIM,338,1
Force,338,11
CIM,339,2
Force,339,11
CIM,340,2
Force,340,11
CIM,341,1
Force,341,10
CIM,342,1
Force,342,10
CIM,343,2
Force,343,10
CIM,344,2
Force,344,12
CIM,345,2
Force,345,11
CIM,346,2
Force,346,10
CIM,347,1
Force,347,10
CIM,348,1
Force,348,9
CIM,349,2
Force,349,9
CIM,350,1
Force,350,9
CIM,351,1
Force,351,10
CIM,352,2
Force,352,9
CIM,353,2
Force,353,9
CIM,354,2
Force,354,10
CIM,355,1
Force,355,11
CIM,356,2
Force,356,13
CIM,357,2
Force,357,13
CIM,358,2
Force,358,15
CIM,359,2
Force,359,10
CIM,360,1
Force,360,13
CIM,361,3
Force,361,15
CIM,362,4
Force,362,11
CIM,363,2
Force,363,11
CIM,364,2
Force,364,11
CIM,365,3
Force,365,11
CIM,366,2
Force,366,11
CIM,367,2
Force,367,12
CIM,368,2
Force,368,10
CIM,369,2
Force,369,9
CIM,370,1
Force,370,8
CIM,371,2
Force,371,9
CIM,372,2
Force,372,8
CIM,373,2
Force,373,8
CIM,374,2
Force,374,8
CIM,375,2
Force,375,8
CIM,376,2
Force,376,8
CIM,377,2
Force,377,8
CIM,378,3
Force,378,10
CIM,379,3
Force,379,11
CIM,380,3
Force,380,11
CIM,381,2
Force,381,10
CIM,382,2
Force,382,9
CIM,383,2
Force,383,9
CIM,384,2
Force,384,8
CIM,385,2
Force,385,8
CIM,386,2
Force,386,8
CIM,387,2
Force,387,7
CIM,388,1
Force,388,8
CIM,389,2
Force,389,8
CIM,390,2
Force,390,7
CIM,391,1
Force,391,8
CIM,392,6
Force,392,8
CIM,393,1
Force,393,8
CIM,394,2
Force,394,8
CIM,395,1
Force,395,8
CIM,396,1
Force,396,7
CIM,397,1
Force,397,8
CIM,398,2
Force,398,8
CIM,399,1
Force,399,8
CIM,400,1
Force,400,8
CIM,401,1
Force,401,9
CIM,402,1
Force,402,9
CIM,403,1
Force,403,11
CIM,404,1
Force,404,10
CIM,405,2
Force,405,9
CIM,406,2
Force,406,10
CIM,407,1
Force,407,9
CIM,408,2
Force,408,9
CIM,409,1
Force,409,9
CIM,410,2
Force,410,9
CIM,411,1
Force,411,11
CIM,412,2
Force,412,14
CIM,413,2
Force,413,15
CIM,414,2
Force,414,15
CIM,415,2
Force,415,15
CIM,416,2
Force,416,13
CIM,417,2
Force,417,14
CIM,418,2
Force,418,12
CIM,419,2
Force,419,13
CIM,420,2
Force,420,12
CIM,421,2
Force,421,12
CIM,422,2
Force,422,14
CIM,423,3
Force,423,13
CIM,424,2
Force,424,13
CIM,425,2
Force,425,11
CIM,426,2
Force,426,10
CIM,427,2
Force,427,10
CIM,428,2
Force,428,10
CIM,429,1
Force,429,10
CIM,430,2
Force,430,10
CIM,431,1
Force,431,11
CIM,432,1
Force,432,12
CIM,433,1
Force,433,11
CIM,434,2
Force,434,11
CIM,435,1
Force,435,12
CIM,436,2
Force,436,12
CIM,437,2
Force,437,12
CIM,438,2
Force,438,13
CIM,439,1
Force,439,12
CIM,440,2
Force,440,12
CIM,441,2
Force,441,12
CIM,442,1
Force,442,17
CIM,443,3
Force,443,15
CIM,444,3
Force,444,16
CIM,445,2
Force,445,16
CIM,446,2
Force,446,14
CIM,447,8
Force,447,14
CIM,448,2
Force,448,15
CIM,449,2
Force,449,14
CIM,450,2
Force,450,15
CIM,451,2
Force,451,21
CIM,452,4
Force,452,26
CIM,453,5
Force,453,26
CIM,454,4
Force,454,28
CIM,455,5
Force,455,26
CIM,456,5
Force,456,28
CIM,457,5
Force,457,26
CIM,458,5
Force,458,30
CIM,459,5
Force,459,30
CIM,460,5
Force,460,29
CIM,461,4
Force,461,28
CIM,462,5
Force,462,42
CIM,463,4
Force,463,79
CIM,464,6
Force,464,49
CIM,465,4
Force,465,31
CIM,466,5
Force,466,32
CIM,467,6
Force,467,30
CIM,468,6
Force,468,24
CIM,469,4
Force,469,27
CIM,470,3
Force,470,25
CIM,471,4
Force,471,24
CIM,472,3
Force,472,22
CIM,473,3
Force,473,21
CIM,474,3
Force,474,21
CIM,475,3
Force,475,23
CIM,476,4
Force,476,20
CIM,477,3
Force,477,19
CIM,478,4
Force,478,21
CIM,479,3
Force,479,21
CIM,480,4
Force,480,22
CIM,481,3
Force,481,23
CIM,482,4
Force,482,22
CIM,483,4
Force,483,22
CIM,484,3
Force,484,23
CIM,485,4
Force,485,22
CIM,486,4
Force,486,22
CIM,487,4
Force,487,23
CIM,488,4
Force,488,22
CIM,489,5
Force,489,25
CIM,490,3
Force,490,23
CIM,491,4
Force,491,21
CIM,492,11
Force,492,22
CIM,493,4
Force,493,19
CIM,494,2
Force,494,19
CIM,495,3
Force,495,18
CIM,496,3
Force,496,16
CIM,497,2
Force,497,16
CIM,498,3
Force,498,17
CIM,499,3
Force,499,19
CIM,500,4
Force,500,21
CIM,501,3
Force,501,23
CIM,502,4
Force,502,22
CIM,503,3
Force,503,24
CIM,504,4
Force,504,22
CIM,505,3
Force,505,21
CIM,506,6
Force,506,25
CIM,507,4
Force,507,22
CIM,508,4
Force,508,20
CIM,509,2
Force,509,20
CIM,510,2
Force,510,20
CIM,511,3
Force,511,18
CIM,512,3
Force,512,18
CIM,513,3
Force,513,17
CIM,514,3
Force,514,17
CIM,515,3
Force,515,16
CIM,516,2
Force,516,17
CIM,517,3
Force,517,17
CIM,518,2
Force,518,17
CIM,519,3
Force,519,29
CIM,520,4
Force,520,34
CIM,521,7
Force,521,30
CIM,522,5
Force,522,25
CIM,523,3
Force,523,24
CIM,524,4
Force,524,27
CIM,525,5
Force,525,31
CIM,526,7
Force,526,34
CIM,527,4
Force,527,32
CIM,528,6
Force,528,34
CIM,529,6
Force,529,35
CIM,530,12
Force,530,24
CIM,531,4
Force,531,24
CIM,532,4
Force,532,29
CIM,533,5
Force,533,29
CIM,534,4
Force,534,31
CIM,535,4
Force,535,36
CIM,536,7
Force,536,37
CIM,537,6
Force,537,31
CIM,538,4
Force,538,26
CIM,539,3
Force,539,26
CIM,540,3
Force,540,23
CIM,541,5
Force,541,24
CIM,542,3
Force,542,25
CIM,543,3
Force,543,32
CIM,544,7
Force,544,30
CIM,545,6
Force,545,33
CIM,546,6
Force,546,31
CIM,547,5
Force,547,31
CIM,548,5
Force,548,32
CIM,549,5
Force,549,32
CIM,550,6
Force,550,31
CIM,551,5
Force,551,31
CIM,552,6
Force,552,26
CIM,553,4
Force,553,24
CIM,554,4
Force,554,25
CIM,555,5
Force,555,28
CIM,556,5
Force,556,30
CIM,557,5
Force,557,33
CIM,558,4
Force,558,27
CIM,559,4
Force,559,26
CIM,560,4
Force,560,27
CIM,561,6
Force,561,26
CIM,562,4
Force,562,24
CIM,563,3
Force,563,25
CIM,564,9
Force,564,23
CIM,565,4
Force,565,23
CIM,566,5
Force,566,24
CIM,567,5
Force,567,28
CIM,568,6
Force,568,40
CIM,569,9
Force,569,49
CIM,570,10
Force,570,55
CIM,571,18
Force,571,46
CIM,572,9
Force,572,50
CIM,573,9
Force,573,57
CIM,574,9
Force,574,43
CIM,575,7
Force,575,44
CIM,576,8
Force,576,47
CIM,577,6
Force,577,33
CIM,578,4
Force,578,37
CIM,579,8
Force,579,30
CIM,580,4
Force,580,29
CIM,581,5
Force,581,27
CIM,582,4
Force,582,26
CIM,583,4
Force,583,27
CIM,584,5
Force,584,35
CIM,585,7
Force,585,38
CIM,586,6
Force,586,29
CIM,587,5
Force,587,28
CIM,588,4
Force,588,31
CIM,589,5
Force,589,37
CIM,590,8
Force,590,44
CIM,591,9
Force,591,42
CIM,592,8
Force,592,43
CIM,593,7
Force,593,43
CIM,594,19
Force,594,38
CIM,595,8
Force,595,55
CIM,596,8
Force,596,33
CIM,597,6
Force,597,30
CIM,598,5
Force,598,37
CIM,599,6
Force,599,37
CIM,600,6
Force,600,40
CIM,601,7
Force,601,43
CIM,602,7
Force,602,33
CIM,603,6
Force,603,45
CIM,604,9
Force,604,48
CIM,605,9
Force,605,46
CIM,606,9
Force,606,48
CIM,607,10
Force,607,48
CIM,608,7
Force,608,46
CIM,609,8
Force,609,52
CIM,610,9
Force,610,51
CIM,611,7
Force,611,44
CIM,612,11
Force,612,49
CIM,613,8
Force,613,40
CIM,614,6
Force,614,31
CIM,615,6
Force,615,31
CIM,616,6
Force,616,36
CIM,617,7
Force,617,35
CIM,618,8
Force,618,51
CIM,619,8
Force,619,53
CIM,620,10
Force,620,51
CIM,621,11
Force,621,47
CIM,622,7
Force,622,50
CIM,623,7
Force,623,47
CIM,624,10
Force,624,47
CIM,625,8
Force,625,46
CIM,626,9
Force,626,50
CIM,627,9
Force,627,49
CIM,628,10
Force,628,54
CIM,629,10
Force,629,46
CIM,630,7
Force,630,48
CIM,631,10
Force,631,64
CIM,632,12
Force,632,50
CIM,633,11
Force,633,60
CIM,634,12
Force,634,59
CIM,635,11
Force,635,40
CIM,636,5
Force,636,38
CIM,637,6
Force,637,43
CIM,638,8
Force,638,41
CIM,639,9
Force,639,41
CIM,640,7
Force,640,41
CIM,641,8
Force,641,57
CIM,642,9
Force,642,46
CIM,643,9
Force,643,44
CIM,644,7
Force,644,41
CIM,645,9
Force,645,35
CIM,646,7
Force,646,43
CIM,647,12
Force,647,38
CIM,648,7
Force,648,39
CIM,649,8
Force,649,49
CIM,650,9
Force,650,54
CIM,651,7
Force,651,39
CIM,652,8
Force,652,47
CIM,653,7
Force,653,45
CIM,654,11
Force,654,57
CIM,655,11
Force,655,56
CIM,656,10
Force,656,59
CIM,657,12
Force,657,52
CIM,658,12
Force,658,57
CIM,659,10
Force,659,58
CIM,660,10
Force,660,61
CIM,661,12
Force,661,48
CIM,662,10
Force,662,59
CIM,663,11
Force,663,59
CIM,664,9
Force,664,45
CIM,665,8
Force,665,36
CIM,666,5
Force,666,36
CIM,667,6
Force,667,43
CIM,668,5
Force,668,43
CIM,669,9
Force,669,46
CIM,670,8
Force,670,35
CIM,671,11
Force,671,37
CIM,672,6
Force,672,36
CIM,673,10
Force,673,36
CIM,674,7
Force,674,38
CIM,675,7
Force,675,44
CIM,676,7
Force,676,52
CIM,677,7
Force,677,42
CIM,678,11
Force,678,59
CIM,679,11
Force,679,42
CIM,680,7
Force,680,49
CIM,681,10
Force,681,64
CIM,682,12
Force,682,64
CIM,683,11
Force,683,60
CIM,684,11
Force,684,59
CIM,685,10
Force,685,56
CIM,686,12
Force,686,54
CIM,687,9
Force,687,59
CIM,688,12
Force,688,62
CIM,689,11
Force,689,59
CIM,690,10
Force,690,61
CIM,691,12
Force,691,57
CIM,692,12
Force,692,51
CIM,693,16
Force,693,61
CIM,694,13
Force,694,91
CIM,695,40
Force,695,115
CIM,696,18
Force,696,82
CIM,697,14
Force,697,75
CIM,698,14
Force,698,62
CIM,699,14
Force,699,77
CIM,700,12
Force,700,65
CIM,701,12
Force,701,64
CIM,702,12
Force,702,67
CIM,703,14
Force,703,69
CIM,704,10
Force,704,66
CIM,705,14
Force,705,76
CIM,706,13
Force,706,77
CIM,707,16
Force,707,70
CIM,708,12
Force,708,83
CIM,709,13
Force,709,71
CIM,710,14
Force,710,95
CIM,711,23
Force,711,105
CIM,712,16
Force,712,92
CIM,713,21
Force,713,106
CIM,714,32
Force,714,83
CIM,715,17
Force,715,80
CIM,716,15
Force,716,84
CIM,717,13
Force,717,128
CIM,718,25
Force,718,100
CIM,719,16
Force,719,76
CIM,720,11
Force,720,62
CIM,721,11
Force,721,63
CIM,722,14
Force,722,60
CIM,723,15
Force,723,66
CIM,724,13
Force,724,71
CIM,725,14
Force,725,71
CIM,726,14
Force,726,73
CIM,727,15
Force,727,74
CIM,728,14
Force,728,61
CIM,729,10
Force,729,49
CIM,730,8
Force,730,62
CIM,731,14
Force,731,68
CIM,732,13
Force,732,62
CIM,733,12
Force,733,76
CIM,734,16
Force,734,76
CIM,735,13
Force,735,69
CIM,736,10
Force,736,54
CIM,737,9
Force,737,57
CIM,738,11
Force,738,55
CIM,739,10
Force,739,50
CIM,740,7
Force,740,45
CIM,741,8
Force,741,44
CIM,742,7
Force,742,50
CIM,743,9
Force,743,45
CIM,744,9
Force,744,49
CIM,745,8
Force,745,44
CIM,746,8
Force,746,56
CIM,747,9
Force,747,53
CIM,748,13
Force,748,60
CIM,749,13
Force,749,65
CIM,750,13
Force,750,61
CIM,751,12
Force,751,59
CIM,752,19
Force,752,56
CIM,753,13
Force,753,53
CIM,754,9
Force,754,57
CIM,755,11
Force,755,59
CIM,756,8
Force,756,56
CIM,757,11
Force,757,62
CIM,758,13
Force,758,68
CIM,759,14
Force,759,61
CIM,760,11
Force,760,62
CIM,761,13
Force,761,70
CIM,762,12
Force,762,71
CIM,763,16
Force,763,91
CIM,764,17
Force,764,77
CIM,765,11
Force,765,50
CIM,766,9
Force,766,51
CIM,767,8
Force,767,46
CIM,768,8
Force,768,51
CIM,769,9
Force,769,66
CIM,770,25
Force,770,78
CIM,771,15
Force,771,80
CIM,772,18
Force,772,84
CIM,773,17
Force,773,84
CIM,774,17
Force,774,78
CIM,775,16
Force,775,80
CIM,776,16
Force,776,82
CIM,777,16
Force,777,76
CIM,778,17
Force,778,81
CIM,779,18
Force,779,84
CIM,780,17
Force,780,70
CIM,781,15
Force,781,77
CIM,782,19
Force,782,73
CIM,783,13
Force,783,85
CIM,784,15
Force,784,67
CIM,785,10
Force,785,63
CIM,786,11
Force,786,78
CIM,787,25
Force,787,88
CIM,788,14
Force,788,71
CIM,789,17
Force,789,86
CIM,790,17
Force,790,83
CIM,791,17
Force,791,83
CIM,792,19
Force,792,93
CIM,793,20
Force,793,64
CIM,794,10
Force,794,61
CIM,795,11
Force,795,63
CIM,796,14
Force,796,60
CIM,797,8
Force,797,45
CIM,798,10
Force,798,56
CIM,799,8
Force,799,51
CIM,800,14
Force,800,76
CIM,801,18
Force,801,88
CIM,802,13
Force,802,57
CIM,803,8
Force,803,45
CIM,804,10
Force,804,53
CIM,805,13
Force,805,78
CIM,806,9
Force,806,61
CIM,807,15
Force,807,73
CIM,808,11
Force,808,65
CIM,809,11
Force,809,67
CIM,810,13
Force,810,68
CIM,811,12
Force,811,60
CIM,812,11
Force,812,55
CIM,813,11
Force,813,62
CIM,814,12
Force,814,59
CIM,815,14
Force,815,71
CIM,816,15
Force,816,77
CIM,817,16
Force,817,67
CIM,818,14
Force,818,77
CIM,819,19
Force,819,65
CIM,820,13
Force,820,87
CIM,821,19
Force,821,85
CIM,822,16
Force,822,89
CIM,823,26
Force,823,144
CIM,824,21
Force,824,67
CIM,825,14
Force,825,80
CIM,826,11
Force,826,54
CIM,827,8
Force,827,52
CIM,828,9
Force,828,68
CIM,829,17
Force,829,78
CIM,830,14
Force,830,76
CIM,831,15
Force,831,69
CIM,832,10
Force,832,45
CIM,833,6
Force,833,38
CIM,834,6
Force,834,34
CIM,835,6
Force,835,42
CIM,836,8
Force,836,41
CIM,837,9
Force,837,54
CIM,838,11
Force,838,53
CIM,839,10
Force,839,51
CIM,840,10
Force,840,44
CIM,841,7
Force,841,39
CIM,842,6
Force,842,42
CIM,843,7
Force,843,44
CIM,844,8
Force,844,52
CIM,845,10
Force,845,62
CIM,846,15
Force,846,74
CIM,847,14
Force,847,56
CIM,848,8
Force,848,48
CIM,849,8
Force,849,43
CIM,850,9
Force,850,69
CIM,851,14
Force,851,62
CIM,852,12
Force,852,44
CIM,853,7
Force,853,35
CIM,854,6
Force,854,37
CIM,855,6
Force,855,39
CIM,856,7
Force,856,40
CIM,857,8
Force,857,45
CIM,858,7
Force,858,45
CIM,859,7
Force,859,46
CIM,860,8
Force,860,42
CIM,861,8
Force,861,38
CIM,862,6
Force,862,43
CIM,863,8
Force,863,40
CIM,864,7
Force,864,36
CIM,865,8
Force,865,38
CIM,866,6
Force,866,50
CIM,867,10
Force,867,67
CIM,868,11
Force,868,71
CIM,869,16
Force,869,71
CIM,870,13
Force,870,85
CIM,871,17
Force,871,66
CIM,872,12
Force,872,63
CIM,873,13
Force,873,72
CIM,874,19
Force,874,75
CIM,875,10
Force,875,69
CIM,876,18
Force,876,62
CIM,877,9
Force,877,42
CIM,878,7
Force,878,37
CIM,879,7
Force,879,39
CIM,880,6
Force,880,49
CIM,881,12
Force,881,55
CIM,882,9
Force,882,50
CIM,883,10
Force,883,67
CIM,884,11
Force,884,75
CIM,885,18
Force,885,95
CIM,886,14
Force,886,82
CIM,887,13
Force,887,67
CIM,888,10
Force,888,62
CIM,889,10
Force,889,66
CIM,890,15
Force,890,87
CIM,891,12
Force,891,72
CIM,892,24
Force,892,100
CIM,893,17
Force,893,75
CIM,894,20
Force,894,88
CIM,895,15
Force,895,89
CIM,896,18
Force,896,91
CIM,897,15
Force,897,86
CIM,898,17
Force,898,90
CIM,899,20
Force,899,89
CIM,900,15
Force,900,94
CIM,901,17
Force,901,65
CIM,902,9
Force,902,70
CIM,903,20
Force,903,82
CIM,904,19
Force,904,76
CIM,905,13
Force,905,67
CIM,906,8
Force,906,45
CIM,907,8
Force,907,46
CIM,908,10
Force,908,57
CIM,909,18
Force,909,89
CIM,910,13
Force,910,70
CIM,911,17
Force,911,81
CIM,912,19
Force,912,76
CIM,913,13
Force,913,66
CIM,914,20
Force,914,71
CIM,915,10
Force,915,54
CIM,916,9
Force,916,75
CIM,917,14
Force,917,84
CIM,918,17
Force,918,104
CIM,919,23
Force,919,95
CIM,920,21
Force,920,87
CIM,921,13
Force,921,95
CIM,922,19
Force,922,114
CIM,923,22
Force,923,119
CIM,924,28
Force,924,86
CIM,925,20
Force,925,95
CIM,926,17
Force,926,95
CIM,927,17
Force,927,78
CIM,928,23
Force,928,106
CIM,929,23
Force,929,94
CIM,930,15
Force,930,90
CIM,931,22
Force,931,91
CIM,932,16
Force,932,84
CIM,933,13
Force,933,81
CIM,934,15
Force,934,82
CIM,935,27
Force,935,111
CIM,936,17
Force,936,100
CIM,937,19
Force,937,104
CIM,938,25
Force,938,106
CIM,939,23
Force,939,98
CIM,940,19
Force,940,89
CIM,941,15
Force,941,106
CIM,942,28
Force,942,125
CIM,943,21
Force,943,100
CIM,944,21
Force,944,105
CIM,945,30
Force,945,117
CIM,946,27
Force,946,128
CIM,947,32
Force,947,115
CIM,948,21
Force,948,99
CIM,949,24
Force,949,93
CIM,950,23
Force,950,96
CIM,951,18
Force,951,118
CIM,952,27
Force,952,91
CIM,953,17
Force,953,80
CIM,954,15
Force,954,87
CIM,955,23
Force,955,103
CIM,956,15
Force,956,97
CIM,957,27
Force,957,123
CIM,958,26
Force,958,100
CIM,959,27
Force,959,127
CIM,960,25
Force,960,93
CIM,961,25
Force,961,100
CIM,962,16
Force,962,96
CIM,963,18
Force,963,84
CIM,964,14
Force,964,99
CIM,965,21
Force,965,128
CIM,966,31
Force,966,129
CIM,967,27
Force,967,113
CIM,968,32
Force,968,99
CIM,969,25
Force,969,101
CIM,970,23
Force,970,103
CIM,971,21
Force,971,87
CIM,972,17
Force,972,76
CIM,973,16
Force,973,84
CIM,974,19
Force,974,96
CIM,975,18
Force,975,68
CIM,976,13
Force,976,72
CIM,977,23
Force,977,87
CIM,978,20
Force,978,89
CIM,979,23
Force,979,74
CIM,980,11
Force,980,59
CIM,981,19
Force,981,73
CIM,982,10
Force,982,56
CIM,983,11
Force,983,61
CIM,984,12
Force,984,53
CIM,985,8
Force,985,64
CIM,986,13
Force,986,81
CIM,987,12
Force,987,55
CIM,988,9
Force,988,48
CIM,989,11
Force,989,78
CIM,990,13
Force,990,77
CIM,991,13
Force,991,62
CIM,992,11
Force,992,66
CIM,993,12
Force,993,63
CIM,994,11
Force,994,63
CIM,995,10
Force,995,56
CIM,996,12
Force,996,65
CIM,997,11
Force,997,57
CIM,998,10
Force,998,54
CIM,999,17
Force,999,87
CIM,1000,17
Force,1000,64
CIM,1001,9
Force,1001,54
CIM,1002,11
Force,1002,82
CIM,1003,12
Force,1003,76
CIM,1004,14
Force,1004,76
CIM,1005,18
Force,1005,70
CIM,1006,13
Force,1006,55
CIM,1007,9
Force,1007,50
CIM,1008,11
Force,1008,73
CIM,1009,20
Force,1009,83
CIM,1010,19
Force,1010,77
CIM,1011,18
Force,1011,95
CIM,1012,17
Force,1012,69
CIM,1013,15
Force,1013,79
CIM,1014,11
Force,1014,57
CIM,1015,12
Force,1015,83
CIM,1016,23
Force,1016,99
CIM,1017,18
Force,1017,79
CIM,1018,14
Force,1018,67
CIM,1019,13
Force,1019,66
CIM,1020,12
Force,1020,95
CIM,1021,18
Force,1021,91
CIM,1022,23
Force,1022,79
CIM,1023,14
Force,1023,93
CIM,1024,29
Force,1024,112
CIM,1025,23
Force,1025,90
CIM,1026,23
Force,1026,81
CIM,1027,13
Force,1027,68
CIM,1028,15
Force,1028,81
CIM,1029,17
Force,1029,82
CIM,1030,16
Force,1030,84
CIM,1031,12
Force,1031,71
CIM,1032,21
Force,1032,82
CIM,1033,13
Force,1033,74
CIM,1034,20
Force,1034,94
CIM,1035,18
Force,1035,84
CIM,1036,14
Force,1036,67
CIM,1037,14
Force,1037,71
CIM,1038,19
Force,1038,99
CIM,1039,16
Force,1039,90
CIM,1040,21
Force,1040,96
CIM,1041,18
Force,1041,114
CIM,1042,20
Force,1042,82
CIM,1043,17
Force,1043,71
CIM,1044,11
Force,1044,74
CIM,1045,14
Force,1045,94
CIM,1046,31
Force,1046,100
CIM,1047,15
Force,1047,79
CIM,1048,17
Force,1048,82
CIM,1049,26
Force,1049,92
CIM,1050,18
Force,1050,117
CIM,1051,24
Force,1051,91
CIM,1052,17
Force,1052,81
CIM,1053,22
Force,1053,96
CIM,1054,22
Force,1054,103
CIM,1055,19
Force,1055,89
CIM,1056,16
Force,1056,72
CIM,1057,16
Force,1057,76
CIM,1058,13
Force,1058,77
CIM,1059,17
Force,1059,65
CIM,1060,12
Force,1060,62
CIM,1061,10
Force,1061,57
CIM,1062,14
Force,1062,81
CIM,1063,13
Force,1063,62
CIM,1064,10
Force,1064,57
CIM,1065,10
Force,1065,55
CIM,1066,13
Force,1066,69
CIM,1067,12
Force,1067,57
CIM,1068,11
Force,1068,55
CIM,1069,12
Force,1069,59
CIM,1070,15
Force,1070,102
CIM,1071,21
Force,1071,107
CIM,1072,25
Force,1072,113
CIM,1073,19
Force,1073,88
CIM,1074,13
Force,1074,96
CIM,1075,23
Force,1075,96
CIM,1076,14
Force,1076,65
CIM,1077,10
Force,1077,73
CIM,1078,17
Force,1078,104
CIM,1079,24
Force,1079,102
CIM,1080,20
Force,1080,77
CIM,1081,13
Force,1081,95
CIM,1082,23
Force,1082,94
CIM,1083,23
Force,1083,73
CIM,1084,11
Force,1084,65
CIM,1085,15
Force,1085,76
CIM,1086,16
Force,1086,73
CIM,1087,11
Force,1087,58
CIM,1088,11
Force,1088,60
CIM,1089,11
Force,1089,58
CIM,1090,10
Force,1090,58
CIM,1091,11
Force,1091,60
CIM,1092,11
Force,1092,59
CIM,1093,11
Force,1093,58
CIM,1094,10
Force,1094,59
CIM,1095,10
Force,1095,57
CIM,1096,10
Force,1096,58
CIM,1097,11
Force,1097,61
CIM,1098,11
Force,1098,58
CIM,1099,11
Force,1099,68
CIM,1100,16
Force,1100,307
CIM,1101,22
Force,1101,198
CIM,1102,21
Force,1102,138
CIM,1103,31
Force,1103,148
CIM,1104,26
Force,1104,112
CIM,1105,21
Force,1105,132
CIM,1106,18
Force,1106,80
CIM,1107,17
Force,1107,104
CIM,1108,19
Force,1108,97
CIM,1109,19
Force,1109,99
CIM,1110,36
Force,1110,114
CIM,1111,18
Force,1111,124
CIM,1112,25
Force,1112,117
CIM,1113,16
Force,1113,81
CIM,1114,24
Force,1114,146
CIM,1115,22
Force,1115,98
CIM,1116,24
Force,1116,145
CIM,1117,30
Force,1117,154
CIM,1118,32
Force,1118,125
CIM,1119,27
Force,1119,147
CIM,1120,23
Force,1120,122
CIM,1121,34
Force,1121,152
CIM,1122,35
Force,1122,165
CIM,1123,31
Force,1123,114
CIM,1124,19
Force,1124,97
CIM,1125,24
Force,1125,121
CIM,1126,18
Force,1126,91
CIM,1127,15
Force,1127,100
CIM,1128,37
Force,1128,150
CIM,1129,15
Force,1129,98
CIM,1130,30
Force,1130,150
CIM,1131,28
Force,1131,122
CIM,1132,17
Force,1132,102
CIM,1133,33
Force,1133,152
CIM,1134,27
Force,1134,136
CIM,1135,29
Force,1135,152
CIM,1136,29
Force,1136,148
CIM,1137,35
Force,1137,153
CIM,1138,30
Force,1138,152
CIM,1139,30
Force,1139,136
CIM,1140,36
Force,1140,149
CIM,1141,21
Force,1141,105
CIM,1142,17
Force,1142,114
CIM,1143,27
Force,1143,165
CIM,1144,30
Force,1144,154
CIM,1145,31
Force,1145,157
CIM,1146,37
Force,1146,160
CIM,1147,29
Force,1147,176
CIM,1148,33
Force,1148,163
CIM,1149,25
Force,1149,158
CIM,1150,33
Force,1150,157
CIM,1151,31
Force,1151,158
CIM,1152,19
Force,1152,97
CIM,1153,30
Force,1153,146
CIM,1154,26
Force,1154,93
CIM,1155,14
Force,1155,83
CIM,1156,14
Force,1156,80
CIM,1157,18
Force,1157,82
CIM,1158,14
Force,1158,82
CIM,1159,18
Force,1159,88
CIM,1160,15
Force,1160,83
CIM,1161,14
Force,1161,72
CIM,1162,13
Force,1162,91
CIM,1163,25
Force,1163,141
CIM,1164,43
Force,1164,203
CIM,1165,27
Force,1165,155
CIM,1166,30
Force,1166,161
CIM,1167,34
Force,1167,132
CIM,1168,15
Force,1168,90
CIM,1169,28
Force,1169,123
CIM,1170,22
Force,1170,135
CIM,1171,26
Force,1171,130
CIM,1172,30
Force,1172,169
CIM,1173,46
Force,1173,166
CIM,1174,41
Force,1174,181
CIM,1175,37
Force,1175,171
CIM,1176,33
Force,1176,102
CIM,1177,14
Force,1177,111
CIM,1178,23
Force,1178,100
CIM,1179,14
Force,1179,87
CIM,1180,19
Force,1180,86
CIM,1181,16
Force,1181,109
CIM,1182,29
Force,1182,154
CIM,1183,28
Force,1183,130
CIM,1184,18
Force,1184,120
CIM,1185,17
Force,1185,92
CIM,1186,21
Force,1186,146
CIM,1187,27
Force,1187,144
CIM,1188,38
Force,1188,163
CIM,1189,21
Force,1189,110
CIM,1190,17
Force,1190,80
CIM,1191,14
Force,1191,97
CIM,1192,27
Force,1192,174
CIM,1193,35
Force,1193,180
CIM,1194,40
Force,1194,181
CIM,1195,33
Force,1195,122
CIM,1196,19
Force,1196,142
CIM,1197,22
Force,1197,111
CIM,1198,18
Force,1198,87
CIM,1199,16
Force,1199,118
CIM,1200,40
Force,1200,175
CIM,1201,31
Force,1201,92
CIM,1202,15
Force,1202,112
CIM,1203,43
Force,1203,198
CIM,1204,44
Force,1204,207
CIM,1205,30
Force,1205,177
CIM,1206,37
Force,1206,128
CIM,1207,23
Force,1207,142
CIM,1208,33
Force,1208,113
CIM,1209,27
Force,1209,138
CIM,1210,35
Force,1210,112
CIM,1211,19
Force,1211,108
CIM,1212,21
Force,1212,153
CIM,1213,47
Force,1213,144
CIM,1214,22
Force,1214,170
CIM,1215,27
Force,1215,100
CIM,1216,17
Force,1216,140
CIM,1217,32
Force,1217,143
CIM,1218,17
Force,1218,150
CIM,1219,39
Force,1219,155
CIM,1220,23
Force,1220,163
CIM,1221,27
Force,1221,110
CIM,1222,19
Force,1222,105
CIM,1223,20
Force,1223,113
CIM,1224,21
Force,1224,146
CIM,1225,36
Force,1225,142
CIM,1226,18
Force,1226,95
CIM,1227,17
Force,1227,116
CIM,1228,38
Force,1228,157
CIM,1229,21
Force,1229,109
CIM,1230,27
Force,1230,132
CIM,1231,18
Force,1231,95
CIM,1232,20
Force,1232,154
CIM,1233,38
Force,1233,127
CIM,1234,17
Force,1234,87
CIM,1235,15
Force,1235,127
CIM,1236,35
Force,1236,141
CIM,1237,20
Force,1237,126
CIM,1238,31
Force,1238,155
CIM,1239,24
Force,1239,94
CIM,1240,20
Force,1240,88
CIM,1241,19
Force,1241,150
CIM,1242,33
Force,1242,131
CIM,1243,31
Force,1243,159
CIM,1244,20
Force,1244,121
CIM,1245,48
Force,1245,177
CIM,1246,42
Force,1246,184
CIM,1247,20
Force,1247,107
CIM,1248,18
Force,1248,112
CIM,1249,35
Force,1249,134
CIM,1250,25
Force,1250,133
CIM,1251,24
Force,1251,126
CIM,1252,21
Force,1252,101
CIM,1253,22
Force,1253,94
CIM,1254,17
Force,1254,117
CIM,1255,33
Force,1255,202
CIM,1256,46
Force,1256,199
CIM,1257,40
Force,1257,178
CIM,1258,29
Force,1258,129
CIM,1259,37
Force,1259,124
CIM,1260,18
Force,1260,102
CIM,1261,20
Force,1261,160
CIM,1262,42
Force,1262,178
CIM,1263,31
Force,1263,181
CIM,1264,27
Force,1264,126
CIM,1265,19
Force,1265,129
CIM,1266,34
Force,1266,173
CIM,1267,45
Force,1267,227
CIM,1268,38
Force,1268,242
CIM,1269,64
Force,1269,217
CIM,1270,40
Force,1270,136
CIM,1271,29
Force,1271,191
CIM,1272,37
Force,1272,155
CIM,1273,20
Force,1273,120
CIM,1274,46
Force,1274,183
CIM,1275,46
Force,1275,179
CIM,1276,32
Force,1276,185
CIM,1277,41
Force,1277,171
CIM,1278,27
Force,1278,150
CIM,1279,34
Force,1279,158
CIM,1280,45
Force,1280,229
CIM,1281,53
Force,1281,245
CIM,1282,44
Force,1282,162
CIM,1283,22
Force,1283,164
CIM,1284,50
Force,1284,169
CIM,1285,30
Force,1285,151
CIM,1286,48
Force,1286,219
CIM,1287,45
Force,1287,226
CIM,1288,45
Force,1288,144
CIM,1289,22
Force,1289,224
CIM,1290,55
Force,1290,257
CIM,1291,56
Force,1291,260
CIM,1292,45
Force,1292,220
CIM,1293,50
Force,1293,153
CIM,1294,29
Force,1294,171
CIM,1295,37
Force,1295,195
CIM,1296,48
Force,1296,212
CIM,1297,36
Force,1297,156
CIM,1298,45
Force,1298,170
CIM,1299,24
Force,1299,138
CIM,1300,23
Force,1300,173
CIM,1301,45
Force,1301,137
CIM,1302,23
Force,1302,138
CIM,1303,37
Force,1303,218
CIM,1304,37
Force,1304,188
CIM,1305,61
Force,1305,222
CIM,1306,31
Force,1306,142
CIM,1307,36
Force,1307,169
CIM,1308,22
Force,1308,133
CIM,1309,29
Force,1309,122
CIM,1310,26
Force,1310,114
CIM,1311,20
Force,1311,116
CIM,1312,22
Force,1312,106
CIM,1313,24
Force,1313,118
CIM,1314,23
Force,1314,141
CIM,1315,40
Force,1315,199
CIM,1316,43
Force,1316,215
CIM,1317,38
Force,1317,217
CIM,1318,32
Force,1318,125
CIM,1319,35
Force,1319,149
CIM,1320,51
Force,1320,242
CIM,1321,52
Force,1321,203
CIM,1322,35
Force,1322,190
CIM,1323,52
Force,1323,222
CIM,1324,55
Force,1324,178
CIM,1325,24
Force,1325,173
CIM,1326,46
Force,1326,163
CIM,1327,20
Force,1327,140
CIM,1328,25
Force,1328,121
CIM,1329,22
Force,1329,118
CIM,1330,34
Force,1330,211
CIM,1331,39
Force,1331,192
CIM,1332,52
Force,1332,180
CIM,1333,26
Force,1333,130
CIM,1334,27
Force,1334,180
CIM,1335,43
Force,1335,144
CIM,1336,29
Force,1336,156
CIM,1337,53
Force,1337,181
CIM,1338,31
Force,1338,190
CIM,1339,45
Force,1339,228
CIM,1340,32
Force,1340,178
CIM,1341,54
Force,1341,255
CIM,1342,42
Force,1342,161
CIM,1343,27
Force,1343,135
CIM,1344,28
Force,1344,176
CIM,1345,61
Force,1345,217
CIM,1346,41
Force,1346,234
CIM,1347,46
Force,1347,154
CIM,1348,23
Force,1348,119
CIM,1349,24
Force,1349,126
CIM,1350,61
Force,1350,194
CIM,1351,26
Force,1351,190
CIM,1352,72
Force,1352,301
CIM,1353,81
Force,1353,309
CIM,1354,69
Force,1354,271
CIM,1355,70
Force,1355,289
CIM,1356,65
Force,1356,251
CIM,1357,36
Force,1357,133
CIM,1358,21
Force,1358,115
CIM,1359,43
Force,1359,207
CIM,1360,48
Force,1360,187
CIM,1361,46
Force,1361,225
CIM,1362,42
Force,1362,198
CIM,1363,49
Force,1363,143
CIM,1364,23
Force,1364,118
CIM,1365,23
Force,1365,131
CIM,1366,26
Force,1366,135
CIM,1367,22
Force,1367,138
CIM,1368,35
Force,1368,159
CIM,1369,37
Force,1369,150
CIM,1370,25
Force,1370,156
CIM,1371,41
Force,1371,207
CIM,1372,31
Force,1372,163
CIM,1373,41
Force,1373,192
CIM,1374,44
Force,1374,144
CIM,1375,24
Force,1375,118
CIM,1376,23
Force,1376,135
CIM,1377,33
Force,1377,123
CIM,1378,28
Force,1378,123
CIM,1379,22
Force,1379,112
CIM,1380,31
Force,1380,150
CIM,1381,23
Force,1381,128
CIM,1382,26
Force,1382,114
CIM,1383,23
Force,1383,130
CIM,1384,21
Force,1384,120
CIM,1385,23
Force,1385,136
CIM,1386,31
Force,1386,194
CIM,1387,31
Force,1387,133
CIM,1388,34
Force,1388,176
CIM,1389,75
Force,1389,323
CIM,1390,86
Force,1390,317
CIM,1391,56
Force,1391,205
CIM,1392,39
Force,1392,216
CIM,1393,45
Force,1393,175
CIM,1394,43
Force,1394,249
CIM,1395,42
Force,1395,208
CIM,1396,39
Force,1396,145
CIM,1397,28
Force,1397,124
CIM,1398,53
Force,1398,243
CIM,1399,55
Force,1399,245
CIM,1400,52
Force,1400,170
CIM,1401,25
Force,1401,182
CIM,1402,51
Force,1402,294
CIM,1403,62
Force,1403,269
CIM,1404,65
Force,1404,282
CIM,1405,61
Force,1405,229
CIM,1406,48
Force,1406,216
CIM,1407,51
Force,1407,257
CIM,1408,52
Force,1408,228
CIM,1409,43
Force,1409,232
CIM,1410,42
Force,1410,244
CIM,1411,77
Force,1411,341
CIM,1412,83
Force,1412,248
CIM,1413,59
Force,1413,275
CIM,1414,52
Force,1414,256
CIM,1415,78
Force,1415,336
CIM,1416,67
Force,1416,251
CIM,1417,73
Force,1417,250
CIM,1418,70
Force,1418,297
CIM,1419,70
Force,1419,290
CIM,1420,62
Force,1420,275
CIM,1421,74
Force,1421,338
CIM,1422,62
Force,1422,315
CIM,1423,84
Force,1423,422
CIM,1424,102
Force,1424,328
CIM,1425,64
Force,1425,291
CIM,1426,55
Force,1426,341
CIM,1427,58
Force,1427,372
CIM,1428,107
Force,1428,469
CIM,1429,127
Force,1429,551
CIM,1430,93
Force,1430,332
CIM,1431,65
Force,1431,268
CIM,1432,59
Force,1432,272
CIM,1433,75
Force,1433,261
CIM,1434,61
Force,1434,387
CIM,1435,78
Force,1435,286
CIM,1436,61
Force,1436,311
CIM,1437,93
Force,1437,308
CIM,1438,70
Force,1438,262
CIM,1439,44
Force,1439,272
CIM,1440,66
Force,1440,296
CIM,1441,69
Force,1441,281
CIM,1442,53
Force,1442,249
CIM,1443,51
Force,1443,279
CIM,1444,62
Force,1444,259
CIM,1445,48
Force,1445,197
CIM,1446,56
Force,1446,269
CIM,1447,85
Force,1447,261
CIM,1448,55
Force,1448,237
CIM,1449,50
Force,1449,259
CIM,1450,79
Force,1450,260
CIM,1451,56
Force,1451,305
CIM,1452,66
Force,1452,247
CIM,1453,42
Force,1453,261
CIM,1454,51
Force,1454,171
CIM,1455,24
Force,1455,168
CIM,1456,29
Force,1456,162
CIM,1457,28
Force,1457,190
CIM,1458,64
Force,1458,302
CIM,1459,65
Force,1459,322
CIM,1460,60
Force,1460,215
CIM,1461,52
Force,1461,279
CIM,1462,69
Force,1462,368
CIM,1463,96
Force,1463,401
CIM,1464,87
Force,1464,443
CIM,1465,115
Force,1465,488
CIM,1466,150
Force,1466,649
CIM,1467,138
Force,1467,407
CIM,1468,99
Force,1468,335
CIM,1469,80
Force,1469,284
CIM,1470,66
Force,1470,228
CIM,1471,37
Force,1471,258
CIM,1472,65
Force,1472,227
CIM,1473,41
Force,1473,278
CIM,1474,91
Force,1474,356
CIM,1475,72
Force,1475,300
CIM,1476,60
Force,1476,274
CIM,1477,57
Force,1477,258
CIM,1478,62
Force,1478,247
CIM,1479,39
Force,1479,202
CIM,1480,32
Force,1480,188
CIM,1481,68
Force,1481,194
CIM,1482,49
Force,1482,202
CIM,1483,41
Force,1483,190
CIM,1484,50
Force,1484,231
CIM,1485,42
Force,1485,216
CIM,1486,75
Force,1486,324
CIM,1487,86
Force,1487,307
CIM,1488,54
Force,1488,254
CIM,1489,61
Force,1489,279
CIM,1490,51
Force,1490,198
CIM,1491,56
Force,1491,206
CIM,1492,35
Force,1492,183
CIM,1493,68
Force,1493,231
CIM,1494,50
Force,1494,216
CIM,1495,39
Force,1495,276
CIM,1496,57
Force,1496,330
CIM,1497,90
Force,1497,301
CIM,1498,64
Force,1498,283
CIM,1499,80
Force,1499,295
CIM,1500,65
Force,1500,300
CIM,1501,70
Force,1501,322
CIM,1502,60
Force,1502,281
CIM,1503,72
Force,1503,178
CIM,1504,54
Force,1504,168
CIM,1505,31
Force,1505,250
CIM,1506,58
Force,1506,341
CIM,1507,75
Force,1507,255
CIM,1508,59
Force,1508,276
CIM,1509,74
Force,1509,290
CIM,1510,69
Force,1510,227
CIM,1511,41
Force,1511,179
CIM,1512,43
Force,1512,190
CIM,1513,37
Force,1513,216
CIM,1514,55
Force,1514,176
CIM,1515,35
Force,1515,211
CIM,1516,34
Force,1516,194
CIM,1517,39
Force,1517,181
CIM,1518,63
Force,1518,285
CIM,1519,68
Force,1519,327
CIM,1520,70
Force,1520,342
CIM,1521,55
Force,1521,325
CIM,1522,49
Force,1522,231
CIM,1523,48
Force,1523,227
CIM,1524,67
Force,1524,277
CIM,1525,49
Force,1525,174
CIM,1526,35
Force,1526,188
CIM,1527,54
Force,1527,182
CIM,1528,46
Force,1528,220
CIM,1529,47
Force,1529,286
CIM,1530,52
Force,1530,211
CIM,1531,73
Force,1531,211
CIM,1532,42
Force,1532,256
CIM,1533,52
Force,1533,247
CIM,1534,52
Force,1534,252
CIM,1535,50
Force,1535,187
CIM,1536,47
Force,1536,247
CIM,1537,74
Force,1537,318
CIM,1538,86
Force,1538,328
CIM,1539,70
Force,1539,294
CIM,1540,39
Force,1540,195
CIM,1541,50
Force,1541,202
CIM,1542,52
Force,1542,239
CIM,1543,54
Force,1543,217
CIM,1544,41
Force,1544,180
CIM,1545,45
Force,1545,183
CIM,1546,42
Force,1546,172
CIM,1547,36
Force,1547,178
CIM,1548,39
Force,1548,167
CIM,1549,35
Force,1549,227
CIM,1550,47
Force,1550,229
CIM,1551,57
Force,1551,259
CIM,1552,59
Force,1552,229
CIM,1553,53
Force,1553,277
CIM,1554,41
Force,1554,276
CIM,1555,82
Force,1555,353
CIM,1556,79
Force,1556,215
CIM,1557,38
Force,1557,216
CIM,1558,54
Force,1558,267
CIM,1559,76
Force,1559,346
CIM,1560,113
Force,1560,423
CIM,1561,105
Force,1561,527
CIM,1562,74
Force,1562,283
CIM,1563,123
Force,1563,370
CIM,1564,36
Force,1564,233
CIM,1565,42
Force,1565,194
CIM,1566,52
Force,1566,224
CIM,1567,49
Force,1567,193
CIM,1568,38
Force,1568,192
CIM,1569,43
Force,1569,194
CIM,1570,58
Force,1570,342
CIM,1571,80
Force,1571,359
CIM,1572,92
Force,1572,273
CIM,1573,55
Force,1573,189
CIM,1574,49
Force,1574,169
CIM,1575,36
Force,1575,199
CIM,1576,94
Force,1576,367
CIM,1577,83
Force,1577,314
CIM,1578,95
Force,1578,315
CIM,1579,43
Force,1579,382
CIM,1580,107
Force,1580,428
CIM,1581,69
Force,1581,349
CIM,1582,78
Force,1582,412
CIM,1583,112
Force,1583,397
CIM,1584,95
Force,1584,418
CIM,1585,74
Force,1585,277
CIM,1586,45
Force,1586,326
CIM,1587,83
Force,1587,421
CIM,1588,106
Force,1588,469
CIM,1589,96
Force,1589,403
CIM,1590,110
Force,1590,418
CIM,1591,105
Force,1591,314
CIM,1592,59
Force,1592,276
CIM,1593,86
Force,1593,311
CIM,1594,65
Force,1594,236
CIM,1595,65
Force,1595,244
CIM,1596,51
Force,1596,256
CIM,1597,64
Force,1597,303
CIM,1598,84
Force,1598,368
CIM,1599,70
Force,1599,317
CIM,1600,74
Force,1600,274
CIM,1601,71
Force,1601,288
CIM,1602,64
Force,1602,311
CIM,1603,75
Force,1603,310
CIM,1604,112
Force,1604,386
CIM,1605,99
Force,1605,393
CIM,1606,70
Force,1606,322
CIM,1607,64
Force,1607,271
CIM,1608,103
Force,1608,374
CIM,1609,64
Force,1609,274
CIM,1610,131
Force,1610,387
CIM,1611,71
Force,1611,211
CIM,1612,66
Force,1612,410
CIM,1613,94
Force,1613,293
CIM,1614,80
Force,1614,220
CIM,1615,51
Force,1615,226
CIM,1616,48
Force,1616,197
CIM,1617,51
Force,1617,203
CIM,1618,43
Force,1618,328
CIM,1619,53
Force,1619,194
CIM,1620,47
Force,1620,193
CIM,1621,37
Force,1621,208
CIM,1622,48
Force,1622,209
CIM,1623,48
Force,1623,195
CIM,1624,38
Force,1624,201
CIM,1625,48
Force,1625,187
CIM,1626,47
Force,1626,219
CIM,1627,40
Force,1627,208
CIM,1628,49
Force,1628,211
CIM,1629,44
Force,1629,197
CIM,1630,47
Force,1630,221
CIM,1631,56
Force,1631,203
CIM,1632,55
Force,1632,206
CIM,1633,50
Force,1633,189
CIM,1634,45
Force,1634,187
CIM,1635,47
Force,1635,173
CIM,1636,40
Force,1636,188
CIM,1637,50
Force,1637,192
CIM,1638,45
Force,1638,212
CIM,1639,54
Force,1639,192
CIM,1640,47
Force,1640,198
CIM,1641,47
Force,1641,201
CIM,1642,47
Force,1642,191
CIM,1643,49
Force,1643,193
CIM,1644,38
Force,1644,200
CIM,1645,48
Force,1645,186
CIM,1646,47
Force,1646,193
CIM,1647,39
Force,1647,221
CIM,1648,52
Force,1648,202
CIM,1649,50
Force,1649,210
CIM,1650,60
Force,1650,187
CIM,1651,56
Force,1651,199
CIM,1652,50
Force,1652,184
CIM,1653,45
Force,1653,259
CIM,1654,50
Force,1654,254
CIM,1655,57
Force,1655,203
CIM,1656,46
Force,1656,202
CIM,1657,51
Force,1657,195
CIM,1658,43
Force,1658,211
CIM,1659,50
Force,1659,204
CIM,1660,50
Force,1660,202
CIM,1661,39
Force,1661,209
CIM,1662,54
Force,1662,204
CIM,1663,50
Force,1663,205
CIM,1664,52
Force,1664,204
CIM,1665,48
Force,1665,196
CIM,1666,50
Force,1666,224
CIM,1667,48
Force,1667,200
CIM,1668,48
Force,1668,203
CIM,1669,45
Force,1669,218
CIM,1670,49
Force,1670,204
CIM,1671,45
Force,1671,246
CIM,1672,42
Force,1672,230
CIM,1673,52
Force,1673,246
CIM,1674,53
Force,1674,210
CIM,1675,54
Force,1675,231
CIM,1676,63
Force,1676,214
CIM,1677,57
Force,1677,213
CIM,1678,52
Force,1678,226
CIM,1679,58
Force,1679,228
CIM,1680,43
Force,1680,239
CIM,1681,61
Force,1681,238
CIM,1682,90
Force,1682,319
CIM,1683,89
Force,1683,369
CIM,1684,61
Force,1684,221
CIM,1685,84
Force,1685,228
CIM,1686,100
Force,1686,319
CIM,1687,54
Force,1687,327
CIM,1688,81
Force,1688,310
CIM,1689,77
Force,1689,270
CIM,1690,65
Force,1690,233
CIM,1691,47
Force,1691,340
CIM,1692,111
Force,1692,374
CIM,1693,102
Force,1693,270
CIM,1694,105
Force,1694,332
CIM,1695,79
Force,1695,296
CIM,1696,83
Force,1696,265
CIM,1697,86
Force,1697,341
CIM,1698,89
Force,1698,267
CIM,1699,54
Force,1699,258
CIM,1700,58
Force,1700,235
CIM,1701,57
Force,1701,210
CIM,1702,46
Force,1702,233
CIM,1703,61
Force,1703,231
CIM,1704,46
Force,1704,235
CIM,1705,59
Force,1705,222
CIM,1706,57
Force,1706,231
CIM,1707,58
Force,1707,225
CIM,1708,59
Force,1708,227
CIM,1709,56
Force,1709,229
CIM,1710,55
Force,1710,225
CIM,1711,58
Force,1711,222
CIM,1712,43
Force,1712,231
CIM,1713,58
Force,1713,229
CIM,1714,58
Force,1714,249
CIM,1715,70
Force,1715,255
CIM,1716,77
Force,1716,234
CIM,1717,56
Force,1717,326
CIM,1718,71
Force,1718,332
CIM,1719,153
Force,1719,460
CIM,1720,92
Force,1720,403
CIM,1721,95
Force,1721,403
CIM,1722,103
Force,1722,390
CIM,1723,85
Force,1723,390
CIM,1724,154
Force,1724,573
CIM,1725,132
Force,1725,399
CIM,1726,71
Force,1726,272
CIM,1727,72
Force,1727,241
CIM,1728,63
Force,1728,260
CIM,1729,67
Force,1729,259
CIM,1730,44
Force,1730,248
CIM,1731,70
Force,1731,250
CIM,1732,65
Force,1732,219
CIM,1733,55
Force,1733,234
CIM,1734,61
Force,1734,238
CIM,1735,47
Force,1735,253
CIM,1736,66
Force,1736,293
CIM,1737,65
Force,1737,229
CIM,1738,57
Force,1738,230
CIM,1739,60
Force,1739,229
CIM,1740,48
Force,1740,257
CIM,1741,61
Force,1741,229
CIM,1742,59
Force,1742,231
CIM,1743,57
Force,1743,234
CIM,1744,60
Force,1744,229
CIM,1745,51
Force,1745,247
CIM,1746,60
Force,1746,231
CIM,1747,59
Force,1747,231
CIM,1748,51
Force,1748,202
CIM,1749,62
Force,1749,235
CIM,1750,48
Force,1750,242
CIM,1751,62
Force,1751,235
CIM,1752,64
Force,1752,233
CIM,1753,59
Force,1753,236
CIM,1754,65
Force,1754,240
CIM,1755,48
Force,1755,243
CIM,1756,62
Force,1756,232
CIM,1757,67
Force,1757,230
CIM,1758,53
Force,1758,230
CIM,1759,62
Force,1759,242
CIM,1760,52
Force,1760,275
CIM,1761,67
Force,1761,244
CIM,1762,69
Force,1762,248
CIM,1763,48
Force,1763,270
CIM,1764,96
Force,1764,322
CIM,1765,83
Force,1765,405
CIM,1766,76
Force,1766,415
CIM,1767,96
Force,1767,339
CIM,1768,78
Force,1768,270
CIM,1769,64
Force,1769,335
CIM,1770,81
Force,1770,300
CIM,1771,77
Force,1771,334
CIM,1772,69
Force,1772,318
CIM,1773,85
Force,1773,293
CIM,1774,77
Force,1774,280
CIM,1775,63
Force,1775,281
CIM,1776,70
Force,1776,267
CIM,1777,70
Force,1777,255
CIM,1778,63
Force,1778,290
CIM,1779,63
Force,1779,266
CIM,1780,70
Force,1780,261
CIM,1781,63
Force,1781,273
CIM,1782,66
Force,1782,248
CIM,1783,68
Force,1783,229
CIM,1784,59
Force,1784,244
CIM,1785,68
Force,1785,263
CIM,1786,66
Force,1786,210
CIM,1787,58
Force,1787,247
CIM,1788,64
Force,1788,249
CIM,1789,73
Force,1789,252
CIM,1790,65
Force,1790,251
CIM,1791,66
Force,1791,250
CIM,1792,62
Force,1792,257
CIM,1793,69
Force,1793,257
CIM,1794,137
Force,1794,280
CIM,1795,61
Force,1795,279
CIM,1796,73
Force,1796,278
CIM,1797,68
Force,1797,331
CIM,1798,89
Force,1798,415
CIM,1799,105
Force,1799,338
CIM,1800,112
Force,1800,339
CIM,1801,90
Force,1801,330
CIM,1802,71
Force,1802,279
CIM,1803,81
Force,1803,296
CIM,1804,77
Force,1804,286
CIM,1805,78
Force,1805,281
CIM,1806,78
Force,1806,231
CIM,1807,66
Force,1807,272
CIM,1808,77
Force,1808,275
CIM,1809,86
Force,1809,345
CIM,1810,80
Force,1810,274
CIM,1811,75
Force,1811,274
CIM,1812,54
Force,1812,282
CIM,1813,77
Force,1813,281
CIM,1814,76
Force,1814,270
CIM,1815,54
Force,1815,296
CIM,1816,72
Force,1816,310
CIM,1817,77
Force,1817,273
CIM,1818,68
Force,1818,267
CIM,1819,77
Force,1819,273
CIM,1820,74
Force,1820,230
CIM,1821,68
Force,1821,275
CIM,1822,82
Force,1822,277
CIM,1823,128
Force,1823,524
CIM,1824,124
Force,1824,409
CIM,1825,113
Force,1825,407
CIM,1826,91
Force,1826,496
CIM,1827,147
Force,1827,331
CIM,1828,91
Force,1828,431
CIM,1829,132
Force,1829,413
CIM,1830,84
Force,1830,287
CIM,1831,76
Force,1831,253
CIM,1832,74
Force,1832,289
CIM,1833,82
Force,1833,300
CIM,1834,90
Force,1834,297
CIM,1835,81
Force,1835,285
CIM,1836,79
Force,1836,277
CIM,1837,50
Force,1837,301
CIM,1838,78
Force,1838,278
CIM,1839,80
Force,1839,290
CIM,1840,117
Force,1840,452
CIM,1841,106
Force,1841,403
CIM,1842,116
Force,1842,444
CIM,1843,159
Force,1843,439
CIM,1844,128
Force,1844,513
CIM,1845,140
Force,1845,589
CIM,1846,119
Force,1846,369
CIM,1847,92
Force,1847,319
CIM,1848,68
Force,1848,322
CIM,1849,88
Force,1849,312
CIM,1850,85
Force,1850,256
CIM,1851,76
Force,1851,286
CIM,1852,90
Force,1852,293
CIM,1853,73
Force,1853,299
CIM,1854,82
Force,1854,289
CIM,1855,123
Force,1855,314
CIM,1856,87
Force,1856,427
CIM,1857,128
Force,1857,363
CIM,1858,132
Force,1858,400
CIM,1859,136
Force,1859,504
CIM,1860,172
Force,1860,494
CIM,1861,116
Force,1861,416
CIM,1862,127
Force,1862,637
CIM,1863,212
Force,1863,754
CIM,1864,150
Force,1864,574
CIM,1865,142
Force,1865,286
CIM,1866,99
Force,1866,284
CIM,1867,88
Force,1867,382
CIM,1868,125
Force,1868,367
CIM,1869,84
Force,1869,357
CIM,1870,105
Force,1870,320
CIM,1871,124
Force,1871,323
CIM,1872,68
Force,1872,319
CIM,1873,83
Force,1873,321
CIM,1874,90
Force,1874,252
CIM,1875,78
Force,1875,296
CIM,1876,82
Force,1876,289
CIM,1877,61
Force,1877,309
CIM,1878,82
Force,1878,282
CIM,1879,101
Force,1879,313
CIM,1880,83
Force,1880,296
CIM,1881,83
Force,1881,291
CIM,1882,84
Force,1882,315
CIM,1883,112
Force,1883,352
CIM,1884,87
Force,1884,297
CIM,1885,63
Force,1885,306
CIM,1886,83
Force,1886,300
CIM,1887,86
Force,1887,251
CIM,1888,77
Force,1888,293
CIM,1889,84
Force,1889,294
CIM,1890,54
Force,1890,301
CIM,1891,82
Force,1891,305
CIM,1892,94
Force,1892,262
CIM,1893,79
Force,1893,298
CIM,1894,88
Force,1894,300
CIM,1895,67
Force,1895,306
CIM,1896,83
Force,1896,293
CIM,1897,94
Force,1897,302
CIM,1898,87
Force,1898,301
CIM,1899,81
Force,1899,292
CIM,1900,85
Force,1900,282
CIM,1901,83
Force,1901,295
CIM,1902,86
Force,1902,297
CIM,1903,61
Force,1903,308
CIM,1904,86
Force,1904,306
CIM,1905,94
Force,1905,279
CIM,1906,100
Force,1906,351
CIM,1907,89
Force,1907,304
CIM,1908,57
Force,1908,320
CIM,1909,86
Force,1909,415
CIM,1910,137
Force,1910,284
CIM,1911,76
Force,1911,292
CIM,1912,85
Force,1912,301
CIM,1913,55
Force,1913,305
CIM,1914,85
Force,1914,298
CIM,1915,90
Force,1915,253
CIM,1916,79
Force,1916,305
CIM,1917,89
Force,1917,308
CIM,1918,57
Force,1918,329
CIM,1919,90
Force,1919,302
CIM,1920,92
Force,1920,257
CIM,1921,78
Force,1921,308
CIM,1922,90
Force,1922,314
CIM,1923,59
Force,1923,327
CIM,1924,93
Force,1924,309
CIM,1925,87
Force,1925,260
CIM,1926,79
Force,1926,328
CIM,1927,95
Force,1927,413
CIM,1928,64
Force,1928,414
CIM,1929,121
Force,1929,388
CIM,1930,129
Force,1930,333
CIM,1931,92
Force,1931,340
CIM,1932,85
Force,1932,343
CIM,1933,64
Force,1933,346
CIM,1934,95
Force,1934,350
CIM,1935,94
Force,1935,283
CIM,1936,88
Force,1936,319
CIM,1937,97
Force,1937,322
CIM,1938,74
Force,1938,353
CIM,1939,104
Force,1939,323
CIM,1940,95
Force,1940,323
CIM,1941,88
Force,1941,447
CIM,1942,100
Force,1942,368
CIM,1943,87
Force,1943,453
CIM,1944,109
Force,1944,326
CIM,1945,95
Force,1945,365
CIM,1946,101
Force,1946,329
CIM,1947,95
Force,1947,301
CIM,1948,91
Force,1948,343
CIM,1949,101
Force,1949,328
CIM,1950,61
Force,1950,349
CIM,1951,95
Force,1951,324
CIM,1952,98
Force,1952,269
CIM,1953,89
Force,1953,342
CIM,1954,99
Force,1954,337
CIM,1955,70
Force,1955,357
CIM,1956,86
Force,1956,336
CIM,1957,95
Force,1957,363
CIM,1958,96
Force,1958,328
CIM,1959,97
Force,1959,337
CIM,1960,101
Force,1960,339
CIM,1961,100
Force,1961,328
CIM,1962,66
Force,1962,344
CIM,1963,94
Force,1963,327
CIM,1964,99
Force,1964,272
CIM,1965,91
Force,1965,330
CIM,1966,100
Force,1966,326
CIM,1967,66
Force,1967,354
CIM,1968,96
Force,1968,316
CIM,1969,102
Force,1969,372
CIM,1970,96
Force,1970,330
CIM,1971,96
Force,1971,302
CIM,1972,92
Force,1972,327
CIM,1973,97
Force,1973,331
CIM,1974,60
Force,1974,342
CIM,1975,101
Force,1975,335
CIM,1976,100
Force,1976,319
CIM,1977,102
Force,1977,351
CIM,1978,100
Force,1978,337
CIM,1979,97
Force,1979,346
CIM,1980,105
Force,1980,362
CIM,1981,62
Force,1981,364
CIM,1982,103
Force,1982,340
CIM,1983,102
Force,1983,299
CIM,1984,99
Force,1984,342
CIM,1985,105
Force,1985,342
CIM,1986,102
Force,1986,353
CIM,1987,101
Force,1987,334
CIM,1988,63
Force,1988,358
CIM,1989,104
Force,1989,339
CIM,1990,109
Force,1990,306
CIM,1991,101
Force,1991,349
CIM,1992,111
Force,1992,347
CIM,1993,86
Force,1993,361
CIM,1994,105
Force,1994,347
CIM,1995,68
Force,1995,355
CIM,1996,106
Force,1996,347
CIM,1997,110
Force,1997,368
CIM,1998,104
Force,1998,366
CIM,1999,122
Force,1999,322
CIM,2000,96
Force,2000,346
CIM,2001,107
Force,2001,350
CIM,2002,81
Force,2002,372
CIM,2003,106
Force,2003,362
CIM,2004,82
Force,2004,364
CIM,2005,109
Force,2005,351
CIM,2006,108
Force,2006,287
CIM,2007,95
Force,2007,351
CIM,2008,106
Force,2008,347
CIM,2009,105
Force,2009,355
CIM,2010,108
Force,2010,363
CIM,2011,73
Force,2011,363
CIM,2012,107
Force,2012,353
CIM,2013,109
Force,2013,337
CIM,2014,107
Force,2014,431
CIM,2015,111
Force,2015,332
CIM,2016,91
Force,2016,368
CIM,2017,116
Force,2017,370
CIM,2018,91
Force,2018,391
CIM,2019,113
Force,2019,360
CIM,2020,74
Force,2020,390
CIM,2021,140
Force,2021,432
CIM,2022,133
Force,2022,469
CIM,2023,164
Force,2023,459
CIM,2024,188
Force,2024,517
CIM,2025,206
Force,2025,574
CIM,2026,150
Force,2026,542
CIM,2027,156
Force,2027,573
CIM,2028,148
Force,2028,476
CIM,2029,122
Force,2029,607
CIM,2030,162
Force,2030,563
CIM,2031,188
Force,2031,770
CIM,2032,258
Force,2032,761
CIM,2033,158
Force,2033,379
CIM,2034,113
Force,2034,415
CIM,2035,126
Force,2035,431
CIM,2036,112
Force,2036,680
CIM,2037,204
Force,2037,697
CIM,2038,102
Force,2038,649
CIM,2039,164
Force,2039,525
CIM,2040,138
Force,2040,661
CIM,2041,216
Force,2041,633
CIM,2042,196
Force,2042,414
CIM,2043,137
Force,2043,446
CIM,2044,101
Force,2044,694
CIM,2045,156
Force,2045,546
CIM,2046,122
Force,2046,402
CIM,2047,122
Force,2047,315
CIM,2048,93
Force,2048,401
CIM,2049,123
Force,2049,390
CIM,2050,112
Force,2050,397
CIM,2051,122
Force,2051,402
CIM,2052,85
Force,2052,409
CIM,2053,117
Force,2053,521
CIM,2054,110
Force,2054,476
CIM,2055,178
Force,2055,611
CIM,2056,178
Force,2056,518
CIM,2057,123
Force,2057,532
CIM,2058,173
Force,2058,480
CIM,2059,217
Force,2059,708
CIM,2060,211
Force,2060,569
CIM,2061,178
Force,2061,653
CIM,2062,194
Force,2062,628
CIM,2063,157
Force,2063,649
CIM,2064,147
Force,2064,480
CIM,2065,93
Force,2065,509
CIM,2066,154
Force,2066,421
CIM,2067,155
Force,2067,684
CIM,2068,167
Force,2068,706
CIM,2069,210
Force,2069,806
CIM,2070,200
Force,2070,636
CIM,2071,205
Force,2071,464
CIM,2072,162
Force,2072,580
CIM,2073,184
Force,2073,522
CIM,2074,162
Force,2074,632
CIM,2075,228
Force,2075,692
CIM,2076,204
Force,2076,612
CIM,2077,184
Force,2077,634
CIM,2078,186
Force,2078,701
CIM,2079,185
Force,2079,623
CIM,2080,118
Force,2080,642
CIM,2081,194
Force,2081,718
CIM,2082,156
Force,2082,852
CIM,2083,251
Force,2083,737
CIM,2084,172
Force,2084,655
CIM,2085,159
Force,2085,579
CIM,2086,202
Force,2086,561
CIM,2087,153
Force,2087,559
CIM,2088,146
Force,2088,370
CIM,2089,145
Force,2089,643
CIM,2090,244
Force,2090,580
CIM,2091,203
Force,2091,678
CIM,2092,212
Force,2092,575
CIM,2093,195
Force,2093,699
CIM,2094,199
Force,2094,751
CIM,2095,194
Force,2095,711
CIM,2096,208
Force,2096,616
CIM,2097,192
Force,2097,718
CIM,2098,185
Force,2098,621
CIM,2099,128
Force,2099,729
CIM,2100,194
Force,2100,653
CIM,2101,126
Force,2101,741
CIM,2102,196
Force,2102,710
CIM,2103,174
Force,2103,882
CIM,2104,243
Force,2104,744
CIM,2105,233
Force,2105,801
CIM,2106,237
Force,2106,718
CIM,2107,233
Force,2107,816
CIM,2108,209
Force,2108,699
CIM,2109,213
Force,2109,686
CIM,2110,208
Force,2110,642
CIM,2111,200
Force,2111,648
CIM,2112,195
Force,2112,634
CIM,2113,208
Force,2113,545
CIM,2114,187
Force,2114,627
CIM,2115,219
Force,2115,568
CIM,2116,172
Force,2116,695
CIM,2117,192
Force,2117,599
CIM,2118,211
Force,2118,747
CIM,2119,220
Force,2119,687
CIM,2120,261
Force,2120,818
CIM,2121,233
Force,2121,667
CIM,2122,286
Force,2122,1027
CIM,2123,231
Force,2123,646
CIM,2124,209
Force,2124,681
CIM,2125,220
Force,2125,664
CIM,2126,231
Force,2126,731
CIM,2127,210
Force,2127,595
CIM,2128,198
Force,2128,704
CIM,2129,220
Force,2129,570
CIM,2130,227
Force,2130,665
CIM,2131,204
Force,2131,605
CIM,2132,243
Force,2132,794
CIM,2133,207
Force,2133,690
CIM,2134,220
Force,2134,728
CIM,2135,192
Force,2135,628
CIM,2136,249
Force,2136,708
CIM,2137,230
Force,2137,690
CIM,2138,197
Force,2138,741
CIM,2139,246
Force,2139,629
CIM,2140,244
Force,2140,798
CIM,2141,235
Force,2141,634
CIM,2142,201
Force,2142,521
CIM,2143,175
Force,2143,392
CIM,2144,161
Force,2144,512
CIM,2145,169
Force,2145,387
CIM,2146,162
Force,2146,518
CIM,2147,166
Force,2147,390
CIM,2148,155
Force,2148,518
CIM,2149,156
Force,2149,395
CIM,2150,154
Force,2150,516
CIM,2151,165
Force,2151,404
CIM,2152,163
Force,2152,525
CIM,2153,169
Force,2153,475
CIM,2154,162
Force,2154,539
CIM,2155,201
Force,2155,487
CIM,2156,160
Force,2156,516
CIM,2157,177
Force,2157,592
CIM,2158,209
Force,2158,652
CIM,2159,214
Force,2159,814
CIM,2160,229
Force,2160,772
CIM,2161,220
Force,2161,876
CIM,2162,252
Force,2162,803
CIM,2163,222
Force,2163,663
CIM,2164,196
Force,2164,743
CIM,2165,198
Force,2165,776
CIM,2166,216
Force,2166,679
CIM,2167,194
Force,2167,809
CIM,2168,225
Force,2168,837
CIM,2169,206
Force,2169,831
CIM,2170,209
Force,2170,678
CIM,2171,127
Force,2171,722
CIM,2172,224
Force,2172,777
CIM,2173,160
Force,2173,823
CIM,2174,248
Force,2174,700
CIM,2175,113
Force,2175,691
CIM,2176,186
Force,2176,632
CIM,2177,114
Force,2177,628
CIM,2178,190
Force,2178,605
CIM,2179,107
Force,2179,598
CIM,2180,192
Force,2180,576
CIM,2181,111
Force,2181,588
CIM,2182,170
Force,2182,572
CIM,2183,122
Force,2183,687
CIM,2184,229
Force,2184,660
CIM,2185,176
Force,2185,786
CIM,2186,249
Force,2186,803
CIM,2187,230
Force,2187,1142
CIM,2188,289
Force,2188,731
CIM,2189,234
Force,2189,884
CIM,2190,242
Force,2190,774
CIM,2191,248
Force,2191,844
CIM,2192,314
Force,2192,879
CIM,2193,264
Force,2193,796
CIM,2194,275
Force,2194,662
CIM,2195,250
Force,2195,744
CIM,2196,233
Force,2196,692
CIM,2197,236
Force,2197,825
CIM,2198,258
Force,2198,886
CIM,2199,264
Force,2199,838
CIM,2200,231
Force,2200,916
CIM,2201,288
Force,2201,810
CIM,2202,148
Force,2202,798
CIM,2203,239
Force,2203,766
CIM,2204,138
Force,2204,876
CIM,2205,259
Force,2205,796
CIM,2206,161
Force,2206,800
CIM,2207,228
Force,2207,755
CIM,2208,173
Force,2208,846
CIM,2209,242
Force,2209,759
CIM,2210,205
Force,2210,736
CIM,2211,209
Force,2211,625
CIM,2212,250
Force,2212,844
CIM,2213,236
Force,2213,675
CIM,2214,264
Force,2214,822
CIM,2215,241
Force,2215,858
CIM,2216,237
Force,2216,744
CIM,2217,170
Force,2217,845
CIM,2218,222
Force,2218,733
CIM,2219,181
Force,2219,902
CIM,2220,272
Force,2220,745
CIM,2221,154
Force,2221,787
CIM,2222,216
Force,2222,702
CIM,2223,170
Force,2223,719
CIM,2224,204
Force,2224,682
CIM,2225,233
Force,2225,875
CIM,2226,236
Force,2226,634
CIM,2227,196
Force,2227,739
CIM,2228,235
Force,2228,1019
CIM,2229,235
Force,2229,662
CIM,2230,187
Force,2230,696
CIM,2231,224
Force,2231,622
CIM,2232,131
Force,2232,638
CIM,2233,206
Force,2233,620
CIM,2234,113
Force,2234,647
CIM,2235,213
Force,2235,619
CIM,2236,147
Force,2236,642
CIM,2237,200
Force,2237,578
CIM,2238,185
Force,2238,590
CIM,2239,201
Force,2239,489
CIM,2240,185
Force,2240,588
CIM,2241,209
Force,2241,645
CIM,2242,200
Force,2242,604
CIM,2243,126
Force,2243,629
CIM,2244,193
Force,2244,599
CIM,2245,121
Force,2245,641
CIM,2246,205
Force,2246,600
CIM,2247,190
Force,2247,654
CIM,2248,198
Force,2248,511
CIM,2249,180
Force,2249,606
CIM,2250,197
Force,2250,467
CIM,2251,206
Force,2251,623
CIM,2252,163
Force,2252,676
CIM,2253,209
Force,2253,625
CIM,2254,122
Force,2254,661
CIM,2255,213
Force,2255,624
CIM,2256,137
Force,2256,654
CIM,2257,203
Force,2257,590
CIM,2258,196
Force,2258,716
CIM,2259,244
Force,2259,641
CIM,2260,313
Force,2260,823
CIM,2261,204
Force,2261,930
CIM,2262,271
Force,2262,1063
CIM,2263,162
Force,2263,869
CIM,2264,242
Force,2264,746
CIM,2265,162
Force,2265,803
CIM,2266,221
Force,2266,662
CIM,2267,219
Force,2267,667
CIM,2268,217
Force,2268,509
CIM,2269,210
Force,2269,664
CIM,2270,198
Force,2270,690
CIM,2271,209
Force,2271,657
CIM,2272,156
Force,2272,695
CIM,2273,219
Force,2273,662
CIM,2274,177
Force,2274,724
CIM,2275,221
Force,2275,560
CIM,2276,202
Force,2276,687
CIM,2277,215
Force,2277,615
CIM,2278,217
Force,2278,729
CIM,2279,156
Force,2279,739
CIM,2280,244
Force,2280,712
CIM,2281,130
Force,2281,730
CIM,2282,280
Force,2282,783
CIM,2283,251
Force,2283,865
CIM,2284,283
Force,2284,731
CIM,2285,273
Force,2285,833
CIM,2286,196
Force,2286,977
CIM,2287,268
Force,2287,890
CIM,2288,195
Force,2288,1179
CIM,2289,244
Force,2289,760
CIM,2290,272
Force,2290,831
CIM,2291,262
Force,2291,684
CIM,2292,245
Force,2292,873
CIM,2293,210
Force,2293,871
CIM,2294,268
Force,2294,914
CIM,2295,158
Force,2295,791
CIM,2296,232
Force,2296,682
CIM,2297,210
Force,2297,679
CIM,2298,225
Force,2298,581
CIM,2299,208
Force,2299,695
CIM,2300,146
Force,2300,708
CIM,2301,213
Force,2301,678
CIM,2302,224
Force,2302,837
CIM,2303,220
Force,2303,562
CIM,2304,221
Force,2304,688
CIM,2305,232
Force,2305,704
CIM,2306,217
Force,2306,698
CIM,2307,131
Force,2307,715
CIM,2308,230
Force,2308,691
CIM,2309,217
Force,2309,716
CIM,2310,238
Force,2310,517
CIM,2311,224
Force,2311,684
CIM,2312,231
Force,2312,712
CIM,2313,224
Force,2313,673
CIM,2314,127
Force,2314,699
CIM,2315,225
Force,2315,658
CIM,2316,217
Force,2316,745
CIM,2317,262
Force,2317,761
CIM,2318,266
Force,2318,921
CIM,2319,219
Force,2319,1308
CIM,2320,264
Force,2320,826
CIM,2321,237
Force,2321,1066
CIM,2322,306
Force,2322,682
CIM,2323,262
Force,2323,766
CIM,2324,254
Force,2324,898
CIM,2325,255
Force,2325,741
CIM,2326,149
Force,2326,752
CIM,2327,233
Force,2327,573
CIM,2328,213
Force,2328,682
CIM,2329,231
Force,2329,761
CIM,2330,223
Force,2330,735
CIM,2331,128
Force,2331,738
CIM,2332,232
Force,2332,648
CIM,2333,225
Force,2333,686
CIM,2334,234
Force,2334,662
CIM,2335,227
Force,2335,725
CIM,2336,127
Force,2336,743
CIM,2337,231
Force,2337,670
CIM,2338,231
Force,2338,689
CIM,2339,244
Force,2339,634
CIM,2340,219
Force,2340,700
CIM,2341,133
Force,2341,760
CIM,2342,237
Force,2342,675
CIM,2343,232
Force,2343,694
CIM,2344,236
Force,2344,614
CIM,2345,217
Force,2345,708
CIM,2346,132
Force,2346,740
CIM,2347,234
Force,2347,681
CIM,2348,231
Force,2348,683
CIM,2349,239
Force,2349,644
CIM,2350,228
Force,2350,733
CIM,2351,129
Force,2351,754
CIM,2352,239
Force,2352,663
CIM,2353,223
Force,2353,702
CIM,2354,249
Force,2354,752
CIM,2355,246
Force,2355,702
CIM,2356,146
Force,2356,872
CIM,2357,243
Force,2357,620
CIM,2358,217
Force,2358,716
CIM,2359,231
Force,2359,838
CIM,2360,243
Force,2360,719
CIM,2361,147
Force,2361,777
CIM,2362,241
Force,2362,600
CIM,2363,238
Force,2363,724
CIM,2364,211
Force,2364,758
CIM,2365,247
Force,2365,729
CIM,2366,187
Force,2366,762
CIM,2367,247
Force,2367,514
CIM,2368,232
Force,2368,733
CIM,2369,168
Force,2369,764
CIM,2370,246
Force,2370,711
CIM,2371,228
Force,2371,718
CIM,2372,247
Force,2372,529
CIM,2373,225
Force,2373,725
CIM,2374,150
Force,2374,755
CIM,2375,247
Force,2375,713
CIM,2376,230
Force,2376,720
CIM,2377,273
Force,2377,763
CIM,2378,253
Force,2378,741
CIM,2379,154
Force,2379,747
CIM,2380,254
Force,2380,544
CIM,2381,228
Force,2381,735
CIM,2382,174
Force,2382,793
CIM,2383,257
Force,2383,741
CIM,2384,223
Force,2384,783
CIM,2385,248
Force,2385,557
CIM,2386,259
Force,2386,737
CIM,2387,147
Force,2387,779
CIM,2388,252
Force,2388,639
CIM,2389,224
Force,2389,732
CIM,2390,212
Force,2390,789
CIM,2391,253
Force,2391,842
CIM,2392,225
Force,2392,886
CIM,2393,313
Force,2393,727
CIM,2394,302
Force,2394,909
CIM,2395,190
Force,2395,1051
CIM,2396,329
Force,2396,865
CIM,2397,301
Force,2397,882
CIM,2398,242
Force,2398,879
CIM,2399,280
Force,2399,829
CIM,2400,256
Force,2400,932
CIM,2401,305
Force,2401,806
CIM,2402,317
Force,2402,1141
CIM,2403,221
Force,2403,1378
CIM,2404,391
Force,2404,1159
CIM,2405,386
Force,2405,1130
CIM,2406,356
Force,2406,1434
CIM,2407,340
Force,2407,1044
CIM,2408,294
Force,2408,1040
CIM,2409,340
Force,2409,1025
CIM,2410,392
Force,2410,1113
CIM,2411,207
Force,2411,1156
CIM,2412,331
Force,2412,835
CIM,2413,318
Force,2413,1126
CIM,2414,214
Force,2414,1314
CIM,2415,326
Force,2415,941
CIM,2416,292
Force,2416,940
CIM,2417,335
Force,2417,1208
CIM,2418,367
Force,2418,1004
CIM,2419,306
Force,2419,1258
CIM,2420,376
Force,2420,945
CIM,2421,290
Force,2421,966
CIM,2422,258
Force,2422,1006
CIM,2423,285
Force,2423,763
CIM,2424,289
Force,2424,964
CIM,2425,221
Force,2425,1052
CIM,2426,329
Force,2426,901
CIM,2427,336
Force,2427,1018
CIM,2428,282
Force,2428,1036
CIM,2429,325
Force,2429,935
CIM,2430,308
Force,2430,936
CIM,2431,288
Force,2431,834
CIM,2432,286
Force,2432,835
CIM,2433,182
Force,2433,873
CIM,2434,289
Force,2434,703
CIM,2435,318
Force,2435,834
CIM,2436,155
Force,2436,881
CIM,2437,285
Force,2437,1113
CIM,2438,315
Force,2438,959
CIM,2439,206
Force,2439,1182
CIM,2440,324
Force,2440,773
CIM,2441,284
Force,2441,861
CIM,2442,193
Force,2442,847
CIM,2443,277
Force,2443,751
CIM,2444,260
Force,2444,781
CIM,2445,227
Force,2445,835
CIM,2446,273
Force,2446,774
CIM,2447,252
Force,2447,799
CIM,2448,212
Force,2448,846
CIM,2449,278
Force,2449,822
CIM,2450,266
Force,2450,791
CIM,2451,224
Force,2451,813
CIM,2452,274
Force,2452,799
CIM,2453,279
Force,2453,774
CIM,2454,229
Force,2454,804
CIM,2455,276
Force,2455,804
CIM,2456,264
Force,2456,807
CIM,2457,225
Force,2457,842
CIM,2458,272
Force,2458,788
CIM,2459,287
Force,2459,937
CIM,2460,240
Force,2460,1347
CIM,2461,474
Force,2461,993
CIM,2462,366
Force,2462,1026
CIM,2463,284
Force,2463,1088
CIM,2464,358
Force,2464,854
CIM,2465,260
Force,2465,847
CIM,2466,262
Force,2466,955
CIM,2467,340
Force,2467,889
CIM,2468,335
Force,2468,1127
CIM,2469,268
Force,2469,1125
CIM,2470,348
Force,2470,946
CIM,2471,336
Force,2471,942
CIM,2472,209
Force,2472,913
CIM,2473,299
Force,2473,727
CIM,2474,277
Force,2474,850
CIM,2475,178
Force,2475,896
CIM,2476,301
Force,2476,673
CIM,2477,277
Force,2477,887
CIM,2478,175
Force,2478,877
CIM,2479,293
Force,2479,615
CIM,2480,270
Force,2480,824
CIM,2481,173
Force,2481,861
CIM,2482,293
Force,2482,582
CIM,2483,278
Force,2483,958
CIM,2484,218
Force,2484,1034
CIM,2485,294
Force,2485,644
CIM,2486,298
Force,2486,851
CIM,2487,192
Force,2487,912
CIM,2488,295
Force,2488,620
CIM,2489,294
Force,2489,874
CIM,2490,189
Force,2490,886
CIM,2491,309
Force,2491,680
CIM,2492,279
Force,2492,829
CIM,2493,195
Force,2493,1053
CIM,2494,295
Force,2494,714
CIM,2495,295
Force,2495,851
CIM,2496,232
Force,2496,922
CIM,2497,297
Force,2497,809
CIM,2498,299
Force,2498,831
CIM,2499,249
Force,2499,874
CIM,2500,295
Force,2500,886
CIM,2501,298
Force,2501,862
CIM,2502,290
Force,2502,918
CIM,2503,300
Force,2503,910
CIM,2504,305
Force,2504,864
CIM,2505,285
Force,2505,867
CIM,2506,216
Force,2506,895
CIM,2507,298
Force,2507,696
CIM,2508,297
Force,2508,874
CIM,2509,168
Force,2509,906
CIM,2510,293
Force,2510,638
CIM,2511,286
Force,2511,885
CIM,2512,216
Force,2512,1061
CIM,2513,323
Force,2513,726
CIM,2514,319
Force,2514,933
CIM,2515,232
Force,2515,944
CIM,2516,312
Force,2516,864
CIM,2517,297
Force,2517,879
CIM,2518,285
Force,2518,878
CIM,2519,293
Force,2519,922
CIM,2520,314
Force,2520,818
CIM,2521,282
Force,2521,871
CIM,2522,193
Force,2522,958
CIM,2523,306
Force,2523,648
CIM,2524,284
Force,2524,873
CIM,2525,161
Force,2525,922
CIM,2526,309
Force,2526,658
CIM,2527,301
Force,2527,862
CIM,2528,237
Force,2528,918
CIM,2529,306
Force,2529,904
CIM,2530,319
Force,2530,910
CIM,2531,313
Force,2531,902
CIM,2532,202
Force,2532,911
CIM,2533,318
Force,2533,645
CIM,2534,301
Force,2534,882
CIM,2535,181
Force,2535,918
CIM,2536,307
Force,2536,736
CIM,2537,314
Force,2537,871
CIM,2538,266
Force,2538,953
CIM,2539,283
Force,2539,954
CIM,2540,310
Force,2540,778
CIM,2541,300
Force,2541,856
CIM,2542,182
Force,2542,901
CIM,2543,304
Force,2543,621
CIM,2544,295
Force,2544,888
CIM,2545,189
Force,2545,925
CIM,2546,311
Force,2546,844
CIM,2547,313
Force,2547,927
CIM,2548,302
Force,2548,885
CIM,2549,201
Force,2549,941
CIM,2550,311
Force,2550,657
CIM,2551,298
Force,2551,905
CIM,2552,186
Force,2552,943
CIM,2553,328
Force,2553,861
CIM,2554,304
Force,2554,901
CIM,2555,300
Force,2555,897
CIM,2556,190
Force,2556,928
CIM,2557,314
Force,2557,649
CIM,2558,299
Force,2558,904
CIM,2559,204
Force,2559,944
CIM,2560,324
Force,2560,920
CIM,2561,330
Force,2561,859
CIM,2562,305
Force,2562,923
CIM,2563,198
Force,2563,928
CIM,2564,307
Force,2564,665
CIM,2565,325
Force,2565,1015
CIM,2566,249
Force,2566,964
CIM,2567,300
Force,2567,983
CIM,2568,315
Force,2568,772
CIM,2569,312
Force,2569,888
CIM,2570,183
Force,2570,935
CIM,2571,333
Force,2571,784
CIM,2572,311
Force,2572,937
CIM,2573,306
Force,2573,935
CIM,2574,249
Force,2574,954
CIM,2575,317
Force,2575,681
CIM,2576,313
Force,2576,940
CIM,2577,200
Force,2577,974
CIM,2578,344
Force,2578,972
CIM,2579,313
Force,2579,846
CIM,2580,318
Force,2580,943
CIM,2581,199
Force,2581,1013
CIM,2582,352
Force,2582,730
CIM,2583,320
Force,2583,917
CIM,2584,334
Force,2584,979
CIM,2585,239
Force,2585,968
CIM,2586,332
Force,2586,671
CIM,2587,322
Force,2587,930
CIM,2588,210
Force,2588,964
CIM,2589,344
Force,2589,997
CIM,2590,328
Force,2590,791
CIM,2591,328
Force,2591,925
CIM,2592,182
Force,2592,1120
CIM,2593,360
Force,2593,909
CIM,2594,354
Force,2594,880
CIM,2595,363
Force,2595,1009
CIM,2596,212
Force,2596,1136
CIM,2597,378
Force,2597,1275
CIM,2598,616
Force,2598,1250
CIM,2599,444
Force,2599,1223
CIM,2600,323
Force,2600,1519
CIM,2601,435
Force,2601,1134
CIM,2602,403
Force,2602,1202
CIM,2603,439
Force,2603,1239
CIM,2604,290
Force,2604,1369
CIM,2605,327
Force,2605,672
CIM,2606,306
Force,2606,872
CIM,2607,325
Force,2607,878
CIM,2608,210
Force,2608,896
CIM,2609,308
Force,2609,740
CIM,2610,296
Force,2610,894
CIM,2611,260
Force,2611,932
CIM,2612,244
Force,2612,907
CIM,2613,313
Force,2613,612
CIM,2614,301
Force,2614,880
CIM,2615,236
Force,2615,928
CIM,2616,263
Force,2616,916
CIM,2617,320
Force,2617,631
CIM,2618,305
Force,2618,869
CIM,2619,225
Force,2619,943
CIM,2620,270
Force,2620,925
CIM,2621,325
Force,2621,655
CIM,2622,303
Force,2622,874
CIM,2623,236
Force,2623,992
CIM,2624,271
Force,2624,938
CIM,2625,327
Force,2625,633
CIM,2626,310
Force,2626,896
CIM,2627,251
Force,2627,1180
CIM,2628,297
Force,2628,1102
CIM,2629,338
Force,2629,689
CIM,2630,323
Force,2630,955
CIM,2631,329
Force,2631,1392
CIM,2632,249
Force,2632,1052
CIM,2633,350
Force,2633,656
CIM,2634,330
Force,2634,922
CIM,2635,303
Force,2635,976
CIM,2636,238
Force,2636,956
CIM,2637,339
Force,2637,648
CIM,2638,332
Force,2638,931
CIM,2639,318
Force,2639,965
CIM,2640,210
Force,2640,971
CIM,2641,337
Force,2641,652
CIM,2642,321
Force,2642,1010
CIM,2643,337
Force,2643,901
CIM,2644,202
Force,2644,1161
CIM,2645,346
Force,2645,857
CIM,2646,336
Force,2646,838
CIM,2647,309
Force,2647,930
CIM,2648,209
Force,2648,987
CIM,2649,307
Force,2649,988
CIM,2650,348
Force,2650,668
CIM,2651,321
Force,2651,933
CIM,2652,252
Force,2652,1022
CIM,2653,270
Force,2653,1039
CIM,2654,332
Force,2654,655
CIM,2655,328
Force,2655,933
CIM,2656,352
Force,2656,950
CIM,2657,187
Force,2657,978
CIM,2658,343
Force,2658,758
CIM,2659,332
Force,2659,837
CIM,2660,323
Force,2660,943
CIM,2661,214
Force,2661,1001
CIM,2662,306
Force,2662,1063
CIM,2663,342
Force,2663,670
CIM,2664,348
Force,2664,1008
CIM,2665,295
Force,2665,998
CIM,2666,207
Force,2666,978
CIM,2667,344
Force,2667,885
CIM,2668,409
Force,2668,1098
CIM,2669,418
Force,2669,1529
CIM,2670,262
Force,2670,1136
CIM,2671,350
Force,2671,1161
CIM,2672,347
Force,2672,719
CIM,2673,375
Force,2673,1084
CIM,2674,400
Force,2674,1251
CIM,2675,240
Force,2675,1311
CIM,2676,384
Force,2676,1035
CIM,2677,381
Force,2677,1009
CIM,2678,402
Force,2678,1270
CIM,2679,354
Force,2679,1393
CIM,2680,302
Force,2680,1413
CIM,2681,449
Force,2681,1160
CIM,2682,445
Force,2682,1209
CIM,2683,435
Force,2683,1125
CIM,2684,252
Force,2684,1102
CIM,2685,309
Force,2685,1043
CIM,2686,353
Force,2686,695
CIM,2687,345
Force,2687,970
CIM,2688,369
Force,2688,987
CIM,2689,196
Force,2689,1011
CIM,2690,300
Force,2690,1018
CIM,2691,385
Force,2691,739
CIM,2692,372
Force,2692,983
CIM,2693,342
Force,2693,975
CIM,2694,205
Force,2694,1027
CIM,2695,319
Force,2695,1031
CIM,2696,361
Force,2696,689
CIM,2697,355
Force,2697,958
CIM,2698,352
Force,2698,1007
CIM,2699,225
Force,2699,1044
CIM,2700,301
Force,2700,1051
CIM,2701,361
Force,2701,729
CIM,2702,358
Force,2702,914
CIM,2703,374
Force,2703,1035
CIM,2704,250
Force,2704,1299
CIM,2705,303
Force,2705,1933
CIM,2706,483
Force,2706,1039
CIM,2707,376
Force,2707,902
CIM,2708,393
Force,2708,1058
CIM,2709,282
Force,2709,1136
CIM,2710,249
Force,2710,1124
CIM,2711,390
Force,2711,867
CIM,2712,385
Force,2712,817
CIM,2713,388
Force,2713,1192
CIM,2714,409
Force,2714,1319
CIM,2715,317
Force,2715,1596
CIM,2716,494
Force,2716,1141
CIM,2717,428
Force,2717,797
CIM,2718,390
Force,2718,1092
CIM,2719,390
Force,2719,1149
CIM,2720,220
Force,2720,1151
CIM,2721,389
Force,2721,1354
CIM,2722,484
Force,2722,1089
CIM,2723,482
Force,2723,1208
CIM,2724,439
Force,2724,1171
CIM,2725,266
Force,2725,1384
CIM,2726,349
Force,2726,1292
CIM,2727,434
Force,2727,1031
CIM,2728,427
Force,2728,1008
CIM,2729,424
Force,2729,1190
CIM,2730,420
Force,2730,1792
CIM,2731,250
Force,2731,1216
CIM,2732,387
Force,2732,1221
CIM,2733,464
Force,2733,1153
CIM,2734,505
Force,2734,1272
CIM,2735,470
Force,2735,1249
CIM,2736,339
Force,2736,1415
CIM,2737,349
Force,2737,1410
CIM,2738,429
Force,2738,1104
CIM,2739,436
Force,2739,962
CIM,2740,480
Force,2740,1556
CIM,2741,506
Force,2741,1512
CIM,2742,273
Force,2742,1428
CIM,2743,400
Force,2743,1271
CIM,2744,454
Force,2744,1391
CIM,2745,538
Force,2745,1439
CIM,2746,482
Force,2746,1163
CIM,2747,306
Force,2747,1482
CIM,2748,290
Force,2748,1281
CIM,2749,440
Force,2749,1190
CIM,2750,408
Force,2750,818
CIM,2751,373
Force,2751,1029
CIM,2752,425
Force,2752,1163
CIM,2753,280
Force,2753,1360
CIM,2754,254
Force,2754,1298
CIM,2755,384
Force,2755,1176
CIM,2756,452
Force,2756,880
CIM,2757,437
Force,2757,1250
CIM,2758,474
Force,2758,1739
CIM,2759,401
Force,2759,1425
CIM,2760,277
Force,2760,1620
CIM,2761,487
Force,2761,1415
CIM,2762,485
Force,2762,809
CIM,2763,423
Force,2763,971
CIM,2764,392
Force,2764,1243
CIM,2765,389
Force,2765,1266
CIM,2766,241
Force,2766,1236
CIM,2767,415
Force,2767,1269
CIM,2768,482
Force,2768,967
CIM,2769,442
Force,2769,1036
CIM,2770,469
Force,2770,1267
CIM,2771,440
Force,2771,1426
CIM,2772,259
Force,2772,1477
CIM,2773,434
Force,2773,1621
CIM,2774,511
Force,2774,1230
CIM,2775,552
Force,2775,1187
CIM,2776,517
Force,2776,1394
CIM,2777,437
Force,2777,1439
CIM,2778,393
Force,2778,1498
CIM,2779,341
Force,2779,1546
CIM,2780,494
Force,2780,1613
CIM,2781,560
Force,2781,1277
CIM,2782,493
Force,2782,1159
CIM,2783,480
Force,2783,1409
CIM,2784,489
Force,2784,1594
CIM,2785,377
Force,2785,1637
CIM,2786,347
Force,2786,1397
CIM,2787,456
Force,2787,1371
CIM,2788,517
Force,2788,982
CIM,2789,431
Force,2789,1104
CIM,2790,447
Force,2790,1206
CIM,2791,365
Force,2791,1258
CIM,2792,256
Force,2792,1433
CIM,2793,455
Force,2793,1659
CIM,2794,468
Force,2794,1187
CIM,2795,464
Force,2795,1113
CIM,2796,566
Force,2796,1471
CIM,2797,501
Force,2797,1494
CIM,2798,511
Force,2798,1434
CIM,2799,279
Force,2799,1544
CIM,2800,377
Force,2800,1368
CIM,2801,492
Force,2801,1481
CIM,2802,530
Force,2802,1034
CIM,2803,467
Force,2803,1340
CIM,2804,487
Force,2804,1179
CIM,2805,474
Force,2805,1285
CIM,2806,307
Force,2806,1337
CIM,2807,287
Force,2807,1262
CIM,2808,453
Force,2808,1312
CIM,2809,512
Force,2809,1029
CIM,2810,494
Force,2810,1015
CIM,2811,459
Force,2811,1165
CIM,2812,450
Force,2812,1493
CIM,2813,466
Force,2813,1608
CIM,2814,367
Force,2814,2192
CIM,2815,706
Force,2815,2002
CIM,2816,562
Force,2816,1585
CIM,2817,526
Force,2817,1491
CIM,2818,487
Force,2818,1324
CIM,2819,513
Force,2819,1311
CIM,2820,445
Force,2820,1265
CIM,2821,376
Force,2821,1471
CIM,2822,332
Force,2822,1393
CIM,2823,381
Force,2823,1383
CIM,2824,410
Force,2824,1230
CIM,2825,495
Force,2825,1226
CIM,2826,571
Force,2826,1171
CIM,2827,465
Force,2827,1242
CIM,2828,459
Force,2828,1294
CIM,2829,456
Force,2829,1650
CIM,2830,347
Force,2830,1656
CIM,2831,313
Force,2831,1482
CIM,2832,554
Force,2832,1464
CIM,2833,471
Force,2833,1314
CIM,2834,439
Force,2834,900
CIM,2835,461
Force,2835,1170
CIM,2836,463
Force,2836,1268
CIM,2837,512
Force,2837,1498
CIM,2838,360
Force,2838,1569
CIM,2839,312
Force,2839,1445
CIM,2840,440
Force,2840,1509
CIM,2841,639
Force,2841,1679
CIM,2842,693
Force,2842,1309
CIM,2843,465
Force,2843,974
CIM,2844,465
Force,2844,1115
CIM,2845,449
Force,2845,1353
CIM,2846,440
Force,2846,1421
CIM,2847,343
Force,2847,1475
CIM,2848,291
Force,2848,1581
CIM,2849,432
Force,2849,1566
CIM,2850,530
Force,2850,1318
CIM,2851,522
Force,2851,1104
CIM,2852,514
Force,2852,1278
CIM,2853,573
Force,2853,1117
CIM,2854,451
Force,2854,1321
CIM,2855,557
Force,2855,1746
CIM,2856,468
Force,2856,1655
CIM,2857,480
Force,2857,2066
CIM,2858,363
Force,2858,1352
CIM,2859,354
Force,2859,1516
CIM,2860,470
Force,2860,1575
CIM,2861,485
Force,2861,915
CIM,2862,498
Force,2862,894
CIM,2863,480
Force,2863,992
CIM,2864,452
Force,2864,1095
CIM,2865,424
Force,2865,1175
CIM,2866,450
Force,2866,1428
CIM,2867,353
Force,2867,1633
CIM,2868,342
Force,2868,1769
CIM,2869,454
Force,2869,1713
CIM,2870,537
Force,2870,1766
CIM,2871,550
Force,2871,1346
CIM,2872,511
Force,2872,1106
CIM,2873,510
Force,2873,953
CIM,2874,463
Force,2874,1155
CIM,2875,418
Force,2875,1104
CIM,2876,455
Force,2876,1475
CIM,2877,501
Force,2877,1487
CIM,2878,415
Force,2878,1846
CIM,2879,398
Force,2879,1841
CIM,2880,333
Force,2880,1352
CIM,2881,482
Force,2881,1459
CIM,2882,461
Force,2882,1253
CIM,2883,483
Force,2883,1046
CIM,2884,544
Force,2884,1113
CIM,2885,460
Force,2885,1280
CIM,2886,541
Force,2886,1610
CIM,2887,470
Force,2887,1593
CIM,2888,377
Force,2888,1237
CIM,2889,444
Force,2889,820
CIM,2890,432
Force,2890,1159
CIM,2891,344
Force,2891,1212
CIM,2892,350
Force,2892,1220
CIM,2893,458
Force,2893,808
CIM,2894,422
Force,2894,1154
CIM,2895,359
Force,2895,1273
CIM,2896,322
Force,2896,1445
CIM,2897,537
Force,2897,1451
CIM,2898,587
Force,2898,1454
CIM,2899,421
Force,2899,1299
CIM,2900,293
Force,2900,1260
CIM,2901,446
Force,2901,800
CIM,2902,428
Force,2902,1159
CIM,2903,429
Force,2903,1264
CIM,2904,279
Force,2904,1252
CIM,2905,458
Force,2905,860
CIM,2906,452
Force,2906,1159
CIM,2907,441
Force,2907,1165
CIM,2908,256
Force,2908,1252
CIM,2909,459
Force,2909,1207
CIM,2910,457
Force,2910,918
CIM,2911,427
Force,2911,1202
CIM,2912,323
Force,2912,1366
CIM,2913,352
Force,2913,1275
CIM,2914,460
Force,2914,858
CIM,2915,443
Force,2915,1202
CIM,2916,417
Force,2916,1282
CIM,2917,294
Force,2917,1264
CIM,2918,459
Force,2918,879
CIM,2919,449
Force,2919,1101
CIM,2920,437
Force,2920,1176
CIM,2921,276
Force,2921,1254
CIM,2922,456
Force,2922,1252
CIM,2923,463
Force,2923,849
CIM,2924,450
Force,2924,1226
CIM,2925,366
Force,2925,1242
CIM,2926,322
Force,2926,1229
CIM,2927,468
Force,2927,815
CIM,2928,464
Force,2928,1183
CIM,2929,440
Force,2929,1201
CIM,2930,254
Force,2930,1260
CIM,2931,467
Force,2931,1263
CIM,2932,464
Force,2932,1032
CIM,2933,558
Force,2933,1776
CIM,2934,590
Force,2934,1949
CIM,2935,424
Force,2935,1735
CIM,2936,553
Force,2936,1658
CIM,2937,578
Force,2937,1493
CIM,2938,585
Force,2938,1562
CIM,2939,375
Force,2939,1562
CIM,2940,535
Force,2940,1711
CIM,2941,556
Force,2941,1060
CIM,2942,523
Force,2942,1398
CIM,2943,473
Force,2943,1411
CIM,2944,308
Force,2944,1584
CIM,2945,559
Force,2945,1348
CIM,2946,609
Force,2946,1516
CIM,2947,654
Force,2947,1823
CIM,2948,451
Force,2948,1647
CIM,2949,399
Force,2949,1775
CIM,2950,526
Force,2950,1205
CIM,2951,571
Force,2951,1532
CIM,2952,549
Force,2952,1573
CIM,2953,335
Force,2953,1583
CIM,2954,401
Force,2954,1628
CIM,2955,489
Force,2955,908
CIM,2956,535
Force,2956,1513
CIM,2957,557
Force,2957,1734
CIM,2958,414
Force,2958,1800
CIM,2959,430
Force,2959,1448
CIM,2960,568
Force,2960,1090
CIM,2961,524
Force,2961,1332
CIM,2962,554
Force,2962,1805
CIM,2963,427
Force,2963,2090
CIM,2964,506
Force,2964,1689
CIM,2965,641
Force,2965,1396
CIM,2966,609
Force,2966,1586
CIM,2967,545
Force,2967,1611
CIM,2968,328
Force,2968,1516
CIM,2969,467
Force,2969,1745
CIM,2970,609
Force,2970,1487
CIM,2971,568
Force,2971,1303
CIM,2972,498
Force,2972,1674
CIM,2973,372
Force,2973,1949
CIM,2974,496
Force,2974,1882
CIM,2975,564
Force,2975,1248
CIM,2976,600
Force,2976,1335
CIM,2977,587
Force,2977,1476
CIM,2978,397
Force,2978,1653
CIM,2979,440
Force,2979,1679
CIM,2980,591
Force,2980,1476
CIM,2981,631
Force,2981,1720
CIM,2982,620
Force,2982,1572
CIM,2983,574
Force,2983,2026
CIM,2984,542
Force,2984,2639
CIM,2985,669
Force,2985,1639
CIM,2986,537
Force,2986,1321
CIM,2987,642
Force,2987,1613
CIM,2988,433
Force,2988,1692
CIM,2989,387
Force,2989,1898
CIM,2990,555
Force,2990,1461
CIM,2991,606
Force,2991,1271
CIM,2992,607
Force,2992,1609
CIM,2993,579
Force,2993,1672
CIM,2994,330
Force,2994,1531
CIM,2995,541
Force,2995,1712
CIM,2996,611
Force,2996,1622
CIM,2997,658
Force,2997,1783
CIM,2998,683
Force,2998,1872
CIM,2999,474
Force,2999,1564